codigo_ocorrencia,ocorrencia_classificacao,ocorrencia_tipo,ocorrencia_cidade,ocorrencia_uf,ocorrencia_aerodromo,aeronave_equipamento,aeronave_tipo_motor,aeronave_quantidade_motores,aeronave_pais_registro,aeronave_segmento_aviacao,aeronave_fase_voo,aeronave_tipo_operacao,quantidade_fatalidades,quantidade_fatores_contribuintes,ocorrencia_dia_horario
201305055424986,ACIDENTE,FALHA DO MOTOR EM VOO,ARIQUEMES,RO,SJOG,ULTRALEVE,PISTÃO,1.0,BRASIL,EXPERIMENTAL,CIRCUITO DE TRÁFEGO,VOO EXPERIMENTAL,NaN,0,2013-05-05 11:00:00
201805021421302,INCIDENTE,AERÓDROMO,CACOAL,RO,SSKW,AVIÃO,JATO,2.0,BRASIL,REGULAR,TÁXI,VOO REGULAR,NaN,0,2018-03-09 22:40:00
201311259977425,INCIDENTE GRAVE,POUSO SEM TREM,CACOAL,RO,SSKW,AVIÃO,PISTÃO,2.0,BRASIL,TÁXI AÉREO,POUSO,TÁXI AÉREO,NaN,2,2013-11-25 12:32:00
201605160250139,INCIDENTE GRAVE,COLISÃO COM OBSTÁCULO DURANTE A DECOLAGEM E POUSO,CACOAL,RO,SSKW,HELICÓPTERO,TURBOEIXO,1.0,BRASIL,ADMINISTRAÇÃO INDIRETA,APROXIMAÇÃO FINAL,OPERAÇÃO ESPECIALIZADA,NaN,0,2016-05-13 19:19:00
201103187273112,INCIDENTE,OUTROS,CEREJEIRAS,RO,NaN,AVIÃO,PISTÃO,1.0,BRASIL,ESPECIALIZADA,TÁXI,OPERAÇÃO ESPECIALIZADA,NaN,0,2011-03-18 13:30:00
200808073991179,ACIDENTE,PERDA DE CONTROLE NO SOLO,CEREJEIRAS,RO,NaN,AVIÃO,PISTÃO,2.0,BRASIL,TÁXI AÉREO,CORRIDA APÓS POUSO,TÁXI AÉREO,NaN,4,2008-08-07 15:10:00
201604251335501,INCIDENTE GRAVE,TRÁFEGO AÉREO,AMAJARI,RR,NaN,AVIÃO,JATO,2.0,BRASIL,NaN,CRUZEIRO,VOO REGULAR,NaN,0,2016-02-24 05:48:00
201108118145873,ACIDENTE,POUSO LONGO,AMAJARI,RR,NaN,AVIÃO,PISTÃO,1.0,BRASIL,TÁXI AÉREO,CORRIDA APÓS POUSO,TÁXI AÉREO,NaN,4,2011-08-11 17:00:00
201604062021424,ACIDENTE,PERDA DE CONTROLE NO SOLO,AMAJARI,RR,SWAQ,AVIÃO,PISTÃO,1.0,BRASIL,TÁXI AÉREO,CORRIDA APÓS POUSO,TÁXI AÉREO,NaN,8,2016-04-05 16:05:00
200902274965349,INCIDENTE,PERDA DE CONTROLE NO SOLO,AMAJARI,RR,NaN,AVIÃO,PISTÃO,1.0,BRASIL,PARTICULAR,CORRIDA APÓS POUSO,VOO PRIVADO,NaN,0,2009-02-27 16:30:00
201009213278405,ACIDENTE,PERDA DE CONTROLE EM VOO,ALTO ALEGRE,RR,NaN,HELICÓPTERO,TURBOEIXO,1.0,BRASIL,TÁXI AÉREO,POUSO,TÁXI AÉREO,NaN,7,2010-09-21 17:10:00
201104061447671,ACIDENTE,PERDA DE CONTROLE EM VOO,ALTO ALEGRE,RR,NaN,HELICÓPTERO,TURBOEIXO,2.0,BRASIL,TÁXI AÉREO,DESCIDA,TÁXI AÉREO,3.0,4,2011-04-06 20:25:00
201006099196125,ACIDENTE,INDETERMINADO,ALTO ALEGRE,RR,NaN,AVIÃO,PISTÃO,1.0,BRASIL,PARTICULAR,INDETERMINADA,VOO PRIVADO,1.0,0,2010-06-09 13:00:00
200811167138358,ACIDENTE,FALHA DO MOTOR EM VOO,ALTO ALEGRE,RR,NaN,AVIÃO,PISTÃO,1.0,BRASIL,TÁXI AÉREO,CRUZEIRO,TÁXI AÉREO,NaN,2,2008-11-16 12:25:00
201208018273083,ACIDENTE,COM TREM DE POUSO,ALTO ALEGRE,RR,NaN,AVIÃO,PISTÃO,1.0,BRASIL,TÁXI AÉREO,CORRIDA APÓS POUSO,TÁXI AÉREO,NaN,1,2012-08-01 16:20:00
201111224132085,ACIDENTE,FALHA DO MOTOR EM VOO,ALTO ALEGRE,RR,NaN,AVIÃO,PISTÃO,1.0,BRASIL,TÁXI AÉREO,CRUZEIRO,TÁXI AÉREO,1.0,3,2011-11-22 16:40:00
201407101908656,INCIDENTE,ESTOURO DE PNEU,ALTO ALEGRE,RR,SWUQ,AVIÃO,PISTÃO,1.0,BRASIL,TÁXI AÉREO,CORRIDA APÓS POUSO,TÁXI AÉREO,NaN,0,2014-07-10 14:15:00
201106206058374,INCIDENTE,PERDA DE CONTROLE NO SOLO,ALTO ALEGRE,RR,NaN,AVIÃO,PISTÃO,1.0,BRASIL,TÁXI AÉREO,CORRIDA APÓS POUSO,TÁXI AÉREO,NaN,0,2011-06-20 14:30:00
201609191241236,ACIDENTE,PERDA DE CONTROLE EM VOO,ANAMÃ,AM,NaN,ULTRALEVE,PISTÃO,1.0,BRASIL,NaN,POUSO,NaN,NaN,0,2016-09-16 19:00:00
201212273864973,INCIDENTE,VAZAMENTO DE OUTROS FLUIDOS,BOA VISTA,RR,SBBV,AVIÃO,NaN,1.0,BRASIL,NaN,TÁXI,NaN,NaN,0,2012-12-27 17:25:00
201501292823312,ACIDENTE,COLISÃO COM OBSTÁCULO DURANTE A DECOLAGEM E POUSO,BOA VISTA,RR,NaN,AVIÃO,PISTÃO,1.0,BRASIL,PARTICULAR,NAVEGAÇÃO A BAIXA ALTURA,VOO PRIVADO,NaN,0,2015-01-29 20:30:00
201310055119546,INCIDENTE,FALHA DO MOTOR EM VOO,BOA VISTA,RR,NaN,AVIÃO,JATO,2.0,BRASIL,PARTICULAR,CRUZEIRO,VOO PRIVADO,NaN,0,2013-10-05 18:30:00
201209264932342,INCIDENTE,FALHA OU MAU FUNCIONAMENTO DE SISTEMA / COMPONENTE ,BOA VISTA,RR,SBBV,AVIÃO,PISTÃO,1.0,BRASIL,NaN,TÁXI,NaN,NaN,0,2012-09-26 10:00:00
201209141796176,INCIDENTE,FALHA OU MAU FUNCIONAMENTO DE SISTEMA / COMPONENTE ,BOA VISTA,RR,SBBV,AVIÃO,TURBOÉLICE,1.0,BRASIL,PARTICULAR,POUSO,VOO PRIVADO,NaN,0,2012-09-14 15:15:00
201604201642115,ACIDENTE,COLISÃO COM OBSTÁCULO DURANTE A DECOLAGEM E POUSO,BOA VISTA,RR,NaN,HELICÓPTERO,PISTÃO,1.0,BRASIL,PARTICULAR,NAVEGAÇÃO A BAIXA ALTURA,VOO PRIVADO,NaN,3,2016-04-19 10:08:00
201009014590067,ACIDENTE,FALHA DO MOTOR EM VOO,BOA VISTA,RR,SBBV,AVIÃO,PISTÃO,1.0,BRASIL,TÁXI AÉREO,SUBIDA,TÁXI AÉREO,NaN,4,2010-09-01 13:30:00
201304154740415,INCIDENTE,CAUSADO POR FENÔMENO METEOROLÓGICO EM VOO,BOA VISTA,RR,NaN,AVIÃO,JATO,2.0,BRASIL,PARTICULAR,CRUZEIRO,VOO PRIVADO,NaN,0,2013-04-15 17:55:00
201207171533514,INCIDENTE,SOPRO DE REATOR,BOA VISTA,RR,SBBV,AVIÃO,JATO,3.0,BRASIL,NaN,TÁXI,NaN,NaN,0,2012-07-17 12:20:00
201105236654663,ACIDENTE,COM PARA-BRISAS / JANELA / PORTA,BOA VISTA,RR,NaN,AVIÃO,TURBOÉLICE,1.0,BRASIL,PARTICULAR,DECOLAGEM,VOO PRIVADO,NaN,3,2011-05-23 10:50:00
201110231217982,INCIDENTE,CAUSADO POR FENÔMENO METEOROLÓGICO EM VOO,BOA VISTA,RR,NaN,AVIÃO,JATO,2.0,BRASIL,REGULAR,CRUZEIRO,VOO REGULAR,NaN,0,2011-10-23 18:03:00
200808272648966,ACIDENTE,PERDA DE COMPONENTE EM VOO,BOA VISTA,RR,SBBV,AVIÃO,PISTÃO,1.0,BRASIL,TÁXI AÉREO,POUSO,TÁXI AÉREO,NaN,3,2008-08-27 22:20:00
201508159929510,ACIDENTE,COLISÃO COM OBSTÁCULO DURANTE A DECOLAGEM E POUSO,BOA VISTA,RR,NaN,AVIÃO,PISTÃO,1.0,BRASIL,PARTICULAR,NAVEGAÇÃO A BAIXA ALTURA,VOO PRIVADO,NaN,3,2015-08-15 14:00:00
200909251799064,INCIDENTE,FALHA OU MAU FUNCIONAMENTO DE SISTEMA / COMPONENTE ,BOA VISTA,RR,SBBV,AVIÃO,JATO,2.0,BRASIL,REGULAR,SUBIDA,VOO REGULAR,NaN,0,2009-09-25 19:00:00
201105165154118,INCIDENTE,ESTOURO DE PNEU,BOA VISTA,RR,SBBV,AVIÃO,PISTÃO,1.0,BRASIL,TÁXI AÉREO,POUSO,TÁXI AÉREO,NaN,0,2011-05-16 17:42:00
200806139544442,INCIDENTE,COLISÃO COM OBSTÁCULO DURANTE A DECOLAGEM E POUSO,ANORI,AM,NaN,HELICÓPTERO,TURBOEIXO,2.0,BRASIL,TÁXI AÉREO,DECOLAGEM,TÁXI AÉREO,NaN,0,2008-06-13 14:09:00
200901078078550,INCIDENTE,COLISÃO COM OBSTÁCULO DURANTE A DECOLAGEM E POUSO,ANORI,AM,NaN,HELICÓPTERO,TURBOEIXO,2.0,BRASIL,TÁXI AÉREO,DECOLAGEM,TÁXI AÉREO,NaN,0,2009-01-07 16:45:00
201711152026161,ACIDENTE,POUSO SEM TREM,JI-PARANÁ,RO,SBJI,AVIÃO,TURBOÉLICE,2.0,BRASIL,PARTICULAR,POUSO,VOO PRIVADO,NaN,0,2017-11-11 20:40:00
200901313794551,INCIDENTE GRAVE,PERDA DE CONTROLE NO SOLO,JI-PARANÁ,RO,NaN,AVIÃO,JATO,2.0,BRASIL,REGULAR,CORRIDA APÓS POUSO,VOO REGULAR,NaN,0,2009-01-31 00:15:00
201606211824565,ACIDENTE,PERDA DE COMPONENTE EM VOO,JI-PARANÁ,RO,NaN,ULTRALEVE,PISTÃO,1.0,BRASIL,NaN,DECOLAGEM,VOO EXPERIMENTAL,1.0,0,2016-06-21 10:30:00
200905273612921,INCIDENTE,ESTOURO DE PNEU,JI-PARANÁ,RO,NaN,AVIÃO,PISTÃO,2.0,BRASIL,TÁXI AÉREO,CORRIDA APÓS POUSO,TÁXI AÉREO,NaN,0,2009-05-27 11:34:00
200811016390336,ACIDENTE,OUTROS,BUJARI,AC,SBRB,AVIÃO,PISTÃO,1.0,BRASIL,PARTICULAR,DESCIDA,VOO PRIVADO,NaN,3,2008-11-01 19:30:00
201607082039587,ACIDENTE,OUTROS,APUÍ,AM,NaN,ULTRALEVE,PISTÃO,1.0,BRASIL,EXPERIMENTAL,OUTRA FASE,VOO PRIVADO,2.0,0,2016-07-07 19:00:00
200809178404834,INCIDENTE,POUSO EM LOCAL NÃO PREVISTO,APUÍ,AM,NaN,AVIÃO,PISTÃO,2.0,BRASIL,ESPECIALIZADA,INDETERMINADA,NaN,NaN,0,2008-09-17 10:40:00
201706241353561,ACIDENTE,CAUSADO POR FENÔMENO METEOROLÓGICO EM VOO,BONFIM,RR,SSJL,AVIÃO,TURBOÉLICE,1.0,BRASIL,PARTICULAR,ESPECIALIZADA,OPERAÇÃO AGRÍCOLA,NaN,0,2017-06-21 21:00:00
201710191757029,ACIDENTE,FALHA DO MOTOR EM VOO,BONFIM,RR,NaN,ULTRALEVE,PISTÃO,1.0,BRASIL,EXPERIMENTAL,CRUZEIRO,VOO EXPERIMENTAL,NaN,0,2017-10-16 11:40:00
201707050515445,ACIDENTE,FALHA DO MOTOR EM VOO,CANTÁ,RR,SWPD,AVIÃO,PISTÃO,1.0,BRASIL,TÁXI AÉREO,DECOLAGEM,TÁXI AÉREO,4.0,0,2017-07-03 15:00:00
201209245307007,ACIDENTE,DESORIENTAÇÃO ESPACIAL,CANTÁ,RR,NaN,AVIÃO,PISTÃO,1.0,BRASIL,TÁXI AÉREO,DECOLAGEM,TÁXI AÉREO,1.0,0,2012-09-24 08:00:00
201303118764325,ACIDENTE,FALHA DO MOTOR EM VOO,PIMENTA BUENO,RO,NaN,AVIÃO,PISTÃO,1.0,BRASIL,PARTICULAR,DESCIDA,VOO PRIVADO,NaN,0,2013-03-11 22:30:00
201505291228302,ACIDENTE,VOO CONTROLADO CONTRA O TERRENO,ATALAIA DO NORTE,AM,NaN,HELICÓPTERO,TURBOEIXO,2.0,BRASIL,TÁXI AÉREO,CRUZEIRO,TÁXI AÉREO,5.0,8,2015-05-29 23:17:00
201304225704342,ACIDENTE,COLISÃO COM OBSTÁCULOS NO SOLO,ATALAIA DO NORTE,AM,NaN,AVIÃO,PISTÃO,1.0,BRASIL,TÁXI AÉREO,DECOLAGEM,TÁXI AÉREO,1.0,2,2013-04-22 19:00:00
200909265638413,INCIDENTE,ESTOURO DE PNEU,CRUZEIRO DO SUL,AC,SBCZ,AVIÃO,PISTÃO,2.0,BRASIL,PARTICULAR,POUSO,VOO PRIVADO,NaN,0,2009-09-26 20:00:00
201001184076286,INCIDENTE,TRÁFEGO AÉREO,CRUZEIRO DO SUL,AC,SBCZ,AVIÃO,PISTÃO,2.0,BRASIL,TÁXI AÉREO,DECOLAGEM,TÁXI AÉREO,NaN,0,2010-01-18 19:32:00
201003109259061,INCIDENTE GRAVE,COM PARA-BRISAS / JANELA / PORTA,CRUZEIRO DO SUL,AC,SBCZ,AVIÃO,TURBOÉLICE,1.0,BRASIL,TÁXI AÉREO,DECOLAGEM,TÁXI AÉREO,NaN,3,2010-03-10 06:17:00
200801295469886,ACIDENTE,POUSO BRUSCO,CRUZEIRO DO SUL,AC,SBCZ,AVIÃO,JATO,2.0,BRASIL,TÁXI AÉREO,POUSO,TÁXI AÉREO,NaN,4,2008-01-29 03:15:00
201002066541663,INCIDENTE,TRÁFEGO AÉREO,CRUZEIRO DO SUL,AC,SBCZ,AVIÃO,PISTÃO,2.0,BRASIL,TÁXI AÉREO,POUSO,TÁXI AÉREO,NaN,0,2010-02-06 22:30:00
201410091153809,INCIDENTE,ESTOURO DE PNEU,CRUZEIRO DO SUL,AC,SBCZ,AVIÃO,PISTÃO,1.0,BRASIL,TÁXI AÉREO,CORRIDA APÓS POUSO,TÁXI AÉREO,NaN,0,2014-10-09 14:40:00
201209237187634,INCIDENTE,OUTROS,CRUZEIRO DO SUL,AC,NaN,HELICÓPTERO,TURBOEIXO,2.0,BRASIL,TÁXI AÉREO,DECOLAGEM,TÁXI AÉREO,NaN,0,2012-09-23 19:40:00
200901156567374,INCIDENTE,PERDA DE CONTROLE NO SOLO,PORTO VELHO,RO,NaN,AVIÃO,JATO,3.0,BRASIL,NÃO REGULAR,CORRIDA APÓS POUSO,VOO REGULAR,NaN,0,2009-01-15 13:00:00
201511016016224,ACIDENTE,FALHA DO MOTOR EM VOO,PORTO VELHO,RO,SWRO,ULTRALEVE,PISTÃO,1.0,BRASIL,EXPERIMENTAL,DECOLAGEM,VOO PRIVADO,NaN,0,2015-11-01 21:30:00
201303057625078,INCIDENTE GRAVE,POUSO LONGO,PORTO VELHO,RO,SBPV,AVIÃO,JATO,3.0,BRASIL,REGULAR,CORRIDA APÓS POUSO,VOO REGULAR,NaN,0,2013-03-05 12:00:00
201706291503356,INCIDENTE,ESTOURO DE PNEU,PORTO VELHO,RO,SBPV,AVIÃO,TURBOÉLICE,2.0,BRASIL,PARTICULAR,CORRIDA APÓS POUSO,VOO PRIVADO,NaN,0,2017-05-13 04:47:00
201307106783560,INCIDENTE,OUTROS,PORTO VELHO,RO,NaN,HELICÓPTERO,PISTÃO,1.0,BRASIL,ADMINISTRAÇÃO DIRETA,NAVEGAÇÃO A BAIXA ALTURA,OPERAÇÃO POLICIAL,NaN,0,2013-07-10 20:33:00
201404074553502,INCIDENTE,FUMAÇA NA CABINE,PORTO VELHO,RO,SBPV,AVIÃO,TURBOÉLICE,2.0,BRASIL,REGULAR,SUBIDA,VOO REGULAR,NaN,0,2014-04-07 18:15:00
201705260552211,INCIDENTE GRAVE,POUSO SEM TREM,PORTO VELHO,RO,SBPV,AVIÃO,PISTÃO,2.0,BRASIL,PARTICULAR,CORRIDA APÓS POUSO,VOO PRIVADO,NaN,0,2017-05-23 19:30:00
201504067965741,INCIDENTE,VAZAMENTO DE COMBUSTÍVEL,PORTO VELHO,RO,SBPV,AVIÃO,TURBOÉLICE,2.0,BRASIL,REGULAR,CRUZEIRO,VOO REGULAR,NaN,0,2015-04-06 20:20:00
201205054549172,ACIDENTE,FALHA DO MOTOR EM VOO,PORTO VELHO,RO,NaN,AVIÃO,PISTÃO,1.0,BRASIL,TÁXI AÉREO,SUBIDA,TÁXI AÉREO,NaN,1,2012-05-05 11:15:00
201510231819564,INCIDENTE GRAVE,ESTOURO DE PNEU,PORTO VELHO,RO,SBPV,AVIÃO,TURBOÉLICE,2.0,BRASIL,PARTICULAR,CORRIDA APÓS POUSO,VOO PRIVADO,NaN,1,2015-10-23 20:00:00
201803281316034,INCIDENTE,ESTOURO DE PNEU,PORTO VELHO,RO,SBPV,AVIÃO,PISTÃO,1.0,BRASIL,PARTICULAR,CORRIDA APÓS POUSO,VOO PRIVADO,NaN,0,2018-03-27 19:54:00
201107127555911,ACIDENTE,COLISÃO COM OBSTÁCULO DURANTE A DECOLAGEM E POUSO,PORTO VELHO,RO,SWRO,AVIÃO,PISTÃO,1.0,BRASIL,INSTRUÇÃO,APROXIMAÇÃO FINAL,VOO DE INSTRUÇÃO,NaN,7,2011-07-12 21:20:00
201706192149414,ACIDENTE,OUTROS,CARACARAÍ,RR,SJLU,HELICÓPTERO,TURBOEIXO,1.0,BRASIL,TÁXI AÉREO,PAIRADO,VOO PRIVADO,1.0,0,2017-06-14 20:20:00
201610162017442,ACIDENTE,FALHA OU MAU FUNCIONAMENTO DE SISTEMA / COMPONENTE ,CARACARAÍ,RR,NaN,AVIÃO,PISTÃO,2.0,BRASIL,PARTICULAR,CRUZEIRO,VOO PRIVADO,NaN,0,2016-10-12 20:30:00
201603221310207,ACIDENTE,COLISÃO COM OBSTÁCULO DURANTE A DECOLAGEM E POUSO,CARACARAÍ,RR,SWQI,HELICÓPTERO,TURBOEIXO,1.0,BRASIL,ADMINISTRAÇÃO INDIRETA,APROXIMAÇÃO FINAL,OPERAÇÃO ESPECIALIZADA,NaN,0,2016-03-18 18:30:00
201706152048494,ACIDENTE,FALHA DO MOTOR EM VOO,CARACARAÍ,RR,SJLU,AVIÃO,PISTÃO,1.0,BRASIL,TÁXI AÉREO,CRUZEIRO,VOO NÃO REGULAR,NaN,0,2017-06-14 18:00:00
201709191425309,ACIDENTE,FALHA DO MOTOR EM VOO,CARACARAÍ,RR,NaN,AVIÃO,PISTÃO,1.0,BRASIL,TÁXI AÉREO,CRUZEIRO,TÁXI AÉREO,1.0,0,2017-09-15 13:00:00
201310032800757,INCIDENTE,FALHA DO MOTOR EM VOO,CARACARAÍ,RR,NaN,AVIÃO,PISTÃO,2.0,BRASIL,TÁXI AÉREO,CRUZEIRO,TÁXI AÉREO,NaN,0,2013-10-03 13:28:00
200905166901091,ACIDENTE,FALHA DO MOTOR EM VOO,LARANJAL DO JARI,AP,NaN,AVIÃO,PISTÃO,1.0,BRASIL,PARTICULAR,CIRCUITO DE TRÁFEGO,VOO PRIVADO,NaN,3,2009-05-16 13:30:00
200812032093220,ACIDENTE,PANE SECA,LARANJAL DO JARI,AP,NaN,AVIÃO,PISTÃO,1.0,BRASIL,PARTICULAR,SUBIDA,VOO PRIVADO,NaN,3,2008-12-03 19:30:00
201709251503286,ACIDENTE,FALHA DO MOTOR EM VOO,FEIJÓ,AC,NaN,AVIÃO,PISTÃO,1.0,BRASIL,TÁXI AÉREO,CRUZEIRO,VOO NÃO REGULAR,NaN,0,2017-09-23 16:00:00
201209093554232,ACIDENTE,OUTROS,MACAPÁ,AP,NaN,AVIÃO,PISTÃO,1.0,BRASIL,PARTICULAR,INDETERMINADA,VOO PRIVADO,1.0,0,2012-09-09 21:12:00
201204201838427,ACIDENTE,INDETERMINADO,MACAPÁ,AP,NaN,AVIÃO,PISTÃO,1.0,BRASIL,PARTICULAR,INDETERMINADA,VOO PRIVADO,2.0,13,2012-04-20 08:55:00
201306188743010,INCIDENTE,COLISÃO COM OBSTÁCULOS NO SOLO,MACAPÁ,AP,SBMQ,AVIÃO,JATO,2.0,BRASIL,REGULAR,TÁXI,VOO REGULAR,NaN,0,2013-06-18 18:10:00
201004164180659,ACIDENTE,FALHA OU MAU FUNCIONAMENTO DE SISTEMA / COMPONENTE ,MACAPÁ,AP,NaN,AVIÃO,PISTÃO,1.0,BRASIL,EXPERIMENTAL,POUSO,VOO EXPERIMENTAL,NaN,0,2010-04-16 21:55:00
201204284039034,INCIDENTE,COLISÃO COM AERONAVE NO SOLO,MACAPÁ,AP,SBMQ,AVIÃO,TURBOÉLICE,1.0,BRASIL,TÁXI AÉREO,ESTACIONAMENTO,TÁXI AÉREO,NaN,0,2012-04-28 14:23:00
200802289105030,INCIDENTE,COM TREM DE POUSO,MACAPÁ,AP,SBMQ,HELICÓPTERO,PISTÃO,1.0,BRASIL,INSTRUÇÃO,OPERAÇÃO DE SOLO,VOO DE INSTRUÇÃO,NaN,0,2008-02-28 00:00:00
200802288398859,INCIDENTE,POUSO SEM TREM,MACAPÁ,AP,SJKI,AVIÃO,PISTÃO,1.0,BRASIL,TÁXI AÉREO,POUSO,TÁXI AÉREO,NaN,0,2008-02-28 14:45:00
200909254665889,INCIDENTE,FALHA DO MOTOR NO SOLO,MACAPÁ,AP,SBMQ,AVIÃO,JATO,2.0,BRASIL,REGULAR,DECOLAGEM,VOO REGULAR,NaN,0,2009-09-25 17:50:00
201604061807451,ACIDENTE,FALHA DO MOTOR EM VOO,MACAPÁ,AP,NaN,AVIÃO,TURBOÉLICE,1.0,BRASIL,TÁXI AÉREO,DECOLAGEM,TÁXI AÉREO,NaN,0,2016-04-04 10:14:00
200912316023109,INCIDENTE,ESTOURO DE PNEU,MACAPÁ,AP,SBMQ,AVIÃO,PISTÃO,1.0,BRASIL,TÁXI AÉREO,POUSO,TÁXI AÉREO,NaN,0,2009-12-31 16:17:00
201507063838741,INCIDENTE,F.O.D.,VILHENA,RO,SBPV,AVIÃO,TURBOÉLICE,2.0,BRASIL,TÁXI AÉREO,CHEQUE DE MOTOR OU ROTOR,TÁXI AÉREO,NaN,0,2015-07-06 11:31:00
201510301813054,ACIDENTE,PERDA DE CONTROLE EM VOO,VILHENA,RO,SBVH,ULTRALEVE,PISTÃO,1.0,BRASIL,EXPERIMENTAL,DECOLAGEM,VOO PRIVADO,1.0,0,2015-10-30 12:30:00
201304237526059,INCIDENTE,ESTOURO DE PNEU,VILHENA,RO,SBVH,AVIÃO,PISTÃO,2.0,BRASIL,TÁXI AÉREO,CORRIDA APÓS POUSO,TÁXI AÉREO,NaN,0,2013-04-23 12:28:00
201205161105088,ACIDENTE,COLISÃO COM OBSTÁCULO DURANTE A DECOLAGEM E POUSO,AFUÁ,PA,NaN,AVIÃO,PISTÃO,1.0,BRASIL,TÁXI AÉREO,APROXIMAÇÃO FINAL,TÁXI AÉREO,NaN,0,2012-05-16 12:10:00
201007242033622,ACIDENTE,FALHA DO MOTOR EM VOO,AFUÁ,PA,NaN,AVIÃO,TURBOÉLICE,1.0,BRASIL,TÁXI AÉREO,CRUZEIRO,TÁXI AÉREO,NaN,3,2010-07-24 10:15:00
201408289546392,ACIDENTE,PERDA DE CONTROLE NO SOLO,MUCAJAÍ,RR,NaN,AVIÃO,PISTÃO,1.0,BRASIL,TÁXI AÉREO,CORRIDA APÓS POUSO,TÁXI AÉREO,NaN,3,2014-08-28 14:40:00
201205049361675,INCIDENTE GRAVE,PERDA DE CONTROLE NO SOLO,MUCAJAÍ,RR,SWMV,AVIÃO,PISTÃO,1.0,BRASIL,TÁXI AÉREO,DECOLAGEM,TÁXI AÉREO,NaN,2,2012-05-04 19:30:00
201006145456474,ACIDENTE,OUTROS,NOVA MAMORÉ,RO,NaN,HELICÓPTERO,TURBOEIXO,1.0,BRASIL,ESPECIALIZADA,RETA FINAL,OPERAÇÃO ESPECIALIZADA,1.0,6,2010-06-14 14:25:00
201603021746093,ACIDENTE,FALHA DO MOTOR EM VOO,MANOEL URBANO,AC,SIMB,AVIÃO,PISTÃO,2.0,BRASIL,PARTICULAR,DECOLAGEM,VOO PRIVADO,NaN,4,2016-02-10 19:30:00
201410196776165,ACIDENTE,PERDA DE CONTROLE NO SOLO,MANOEL URBANO,AC,SSPX,AVIÃO,PISTÃO,2.0,BRASIL,PARTICULAR,CORRIDA APÓS POUSO,VOO PRIVADO,NaN,0,2014-10-19 19:05:00
201211215775205,INCIDENTE,COLISÃO COM OBSTÁCULO DURANTE A DECOLAGEM E POUSO,ALIANÇA DO TOCANTINS,TO,NaN,AVIÃO,TURBOÉLICE,2.0,BRASIL,PARTICULAR,ARREMETIDA NO AR,VOO PRIVADO,NaN,0,2012-11-21 12:00:00
201103072648610,ACIDENTE,FALHA DO MOTOR EM VOO,MARECHAL THAUMATURGO,AC,NaN,AVIÃO,PISTÃO,1.0,BRASIL,PARTICULAR,SUBIDA,VOO PRIVADO,NaN,2,2011-03-07 17:35:00
201602021221007,INCIDENTE GRAVE,COM TREM DE POUSO,MARECHAL THAUMATURGO,AC,SSMH,AVIÃO,TURBOÉLICE,2.0,BRASIL,TÁXI AÉREO,CORRIDA APÓS POUSO,TÁXI AÉREO,NaN,4,2016-01-26 17:50:00
201101213559955,ACIDENTE,FALHA DO MOTOR EM VOO,RIO BRANCO,AC,NaN,AVIÃO,TURBOÉLICE,1.0,BRASIL,TÁXI AÉREO,APROXIMAÇÃO FINAL,TÁXI AÉREO,NaN,8,2011-01-21 17:35:00
200804107912675,INCIDENTE,OUTROS,RIO BRANCO,AC,NaN,AVIÃO,TURBOÉLICE,1.0,BRASIL,TÁXI AÉREO,TÁXI,TÁXI AÉREO,NaN,0,2008-04-10 13:45:00
201108011641532,INCIDENTE,FALHA OU MAU FUNCIONAMENTO DE SISTEMA / COMPONENTE ,RIO BRANCO,AC,NaN,AVIÃO,TURBOÉLICE,2.0,BRASIL,TÁXI AÉREO,CORRIDA APÓS POUSO,TÁXI AÉREO,NaN,0,2011-08-01 15:56:00
201203082067786,INCIDENTE,CAUSADO POR FENÔMENO METEOROLÓGICO EM VOO,RIO BRANCO,AC,NaN,AVIÃO,TURBOÉLICE,2.0,BRASIL,PARTICULAR,CRUZEIRO,VOO PRIVADO,NaN,0,2012-03-08 22:00:00
201007235328901,INCIDENTE,DESCOMPRESSÃO NÃO INTENCIONAL / EXPLOSIVA,RIO BRANCO,AC,NaN,AVIÃO,PISTÃO,2.0,BRASIL,NaN,CRUZEIRO,NaN,NaN,0,2010-07-23 08:08:00
201302196069491,INCIDENTE,ESTOURO DE PNEU,RIO BRANCO,AC,SBRB,AVIÃO,PISTÃO,2.0,BRASIL,TÁXI AÉREO,TÁXI,TÁXI AÉREO,NaN,0,2013-02-19 14:06:00
200907017511577,INCIDENTE,ESTOURO DE PNEU,RIO BRANCO,AC,NaN,AVIÃO,TURBOÉLICE,1.0,BRASIL,TÁXI AÉREO,CORRIDA APÓS POUSO,TÁXI AÉREO,NaN,0,2009-07-01 19:30:00
201101203275079,INCIDENTE,OUTROS,RIO BRANCO,AC,NaN,AVIÃO,PISTÃO,2.0,BRASIL,TÁXI AÉREO,CORRIDA APÓS POUSO,TÁXI AÉREO,NaN,0,2011-01-20 17:58:00
201410038883381,INCIDENTE,ESTOURO DE PNEU,RIO BRANCO,AC,SBRB,AVIÃO,PISTÃO,2.0,BRASIL,PARTICULAR,DECOLAGEM,VOO PRIVADO,NaN,0,2014-10-03 18:58:00
201802281920364,ACIDENTE,PERDA DE CONTROLE EM VOO,RIO BRANCO,AC,NaN,ULTRALEVE,PISTÃO,1.0,BRASIL,PARTICULAR,DECOLAGEM,VOO PRIVADO,2.0,0,2018-02-11 13:30:00
201107078009631,INCIDENTE,OUTROS,RIO BRANCO,AC,NaN,AVIÃO,PISTÃO,1.0,BRASIL,PARTICULAR,CORRIDA APÓS POUSO,VOO PRIVADO,NaN,0,2011-07-07 21:25:00
201301119770839,ACIDENTE,FALHA DO MOTOR EM VOO,RIO BRANCO,AC,SBRB,AVIÃO,PISTÃO,1.0,BRASIL,PARTICULAR,DECOLAGEM,VOO PRIVADO,NaN,1,2013-01-11 16:30:00
201209223725344,INCIDENTE,FALHA OU MAU FUNCIONAMENTO DE SISTEMA / COMPONENTE ,RIO BRANCO,AC,SBRB,AVIÃO,PISTÃO,2.0,BRASIL,TÁXI AÉREO,CIRCUITO DE TRÁFEGO,TÁXI AÉREO,NaN,0,2012-09-22 13:25:00
201205078908489,INCIDENTE,OUTROS,RIO BRANCO,AC,SBRB,AVIÃO,PISTÃO,2.0,BRASIL,TÁXI AÉREO,CRUZEIRO,TÁXI AÉREO,NaN,0,2012-05-07 23:42:00
201401303184449,INCIDENTE,ESTOURO DE PNEU,RIO BRANCO,AC,SBRB,AVIÃO,PISTÃO,2.0,BRASIL,TÁXI AÉREO,DECOLAGEM,TÁXI AÉREO,NaN,0,2014-01-30 19:50:00
200912013916995,INCIDENTE,OUTROS,RIO BRANCO,AC,SBRB,AVIÃO,PISTÃO,2.0,BRASIL,TÁXI AÉREO,TÁXI,TÁXI AÉREO,NaN,0,2009-12-01 16:00:00
201205249563546,INCIDENTE,OUTROS,RIO BRANCO,AC,SBRB,AVIÃO,JATO,2.0,BRASIL,REGULAR,POUSO,VOO REGULAR,NaN,0,2012-05-24 03:10:00
201003234452617,INCIDENTE,ESTOURO DE PNEU,RIO BRANCO,AC,SBRB,AVIÃO,TURBOÉLICE,1.0,BRASIL,TÁXI AÉREO,POUSO,TÁXI AÉREO,NaN,0,2010-03-23 14:30:00
201708171741005,INCIDENTE,ESTOURO DE PNEU,RIO BRANCO,AC,SBRB,AVIÃO,PISTÃO,2.0,BRASIL,TÁXI AÉREO,CORRIDA APÓS POUSO,TÁXI AÉREO,NaN,0,2017-08-11 02:15:00
201212187006199,INCIDENTE,CORTE INVOLUNTÁRIO DO MOTOR,RIO BRANCO,AC,SBRB,AVIÃO,TURBOÉLICE,1.0,BRASIL,TÁXI AÉREO,CORRIDA APÓS POUSO,TÁXI AÉREO,NaN,0,2012-12-18 14:01:00
201403063957559,INCIDENTE GRAVE,PERDA DE COMPONENTE NO SOLO,RIO BRANCO,AC,NaN,AVIÃO,PISTÃO,2.0,BRASIL,TÁXI AÉREO,TÁXI,TÁXI AÉREO,NaN,3,2014-03-06 13:00:00
201201138014608,INCIDENTE,FALHA DO MOTOR EM VOO,RIO BRANCO,AC,NaN,AVIÃO,PISTÃO,2.0,BRASIL,TÁXI AÉREO,CRUZEIRO,TÁXI AÉREO,NaN,0,2012-01-13 18:15:00
200901277595989,INCIDENTE,ESTOURO DE PNEU,RIO BRANCO,AC,NaN,AVIÃO,PISTÃO,2.0,BRASIL,TÁXI AÉREO,CORRIDA APÓS POUSO,TÁXI AÉREO,NaN,0,2009-01-27 16:57:00
201004118250886,INCIDENTE,OUTROS,RIO BRANCO,AC,SBRB,AVIÃO,JATO,2.0,BRASIL,REGULAR,TÁXI,VOO REGULAR,NaN,0,2010-04-11 19:20:00
200802231827380,INCIDENTE,COM PARA-BRISAS / JANELA / PORTA,RIO BRANCO,AC,SBRB,AVIÃO,JATO,2.0,BRASIL,REGULAR,DESCIDA,VOO REGULAR,NaN,0,2008-02-23 12:15:00
200907042008113,INCIDENTE,FALHA OU MAU FUNCIONAMENTO DE SISTEMA / COMPONENTE ,RIO BRANCO,AC,SBRB,AVIÃO,TURBOÉLICE,2.0,BRASIL,TÁXI AÉREO,CRUZEIRO,TÁXI AÉREO,NaN,0,2009-07-04 21:10:00
201402183178334,INCIDENTE,INDETERMINADO,RIO BRANCO,AC,SBRB,AVIÃO,PISTÃO,1.0,BRASIL,PARTICULAR,CORRIDA APÓS POUSO,VOO PRIVADO,NaN,0,2014-02-18 20:36:00
201210274467798,INCIDENTE,COM TREM DE POUSO,RIO BRANCO,AC,SBRB,AVIÃO,PISTÃO,1.0,BRASIL,PARTICULAR,CORRIDA APÓS POUSO,VOO PRIVADO,NaN,0,2012-10-27 16:15:00
200805107724984,INCIDENTE,COM TREM DE POUSO,RIO BRANCO,AC,SBRB,AVIÃO,PISTÃO,1.0,BRASIL,PARTICULAR,CORRIDA APÓS POUSO,VOO PRIVADO,NaN,0,2008-05-10 14:08:00
201208187675727,INCIDENTE,OUTROS,RIO BRANCO,AC,SBRB,AVIÃO,PISTÃO,2.0,BRASIL,TÁXI AÉREO,TÁXI,TÁXI AÉREO,NaN,0,2012-08-18 22:00:00
201203035056904,INCIDENTE,COM TREM DE POUSO,RIO BRANCO,AC,SBRB,AVIÃO,PISTÃO,2.0,BRASIL,PARTICULAR,TÁXI,VOO PRIVADO,NaN,0,2012-03-03 17:35:00
201407012445611,INCIDENTE,ESTOURO DE PNEU,RIO BRANCO,AC,SBRB,AVIÃO,PISTÃO,2.0,BRASIL,TÁXI AÉREO,TÁXI,TÁXI AÉREO,NaN,0,2014-07-01 17:48:00
201007306996045,INCIDENTE,OUTROS,NORMANDIA,RR,NaN,AVIÃO,PISTÃO,1.0,BRASIL,TÁXI AÉREO,CORRIDA APÓS POUSO,TÁXI AÉREO,NaN,0,2010-07-30 20:00:00
201804251556497,ACIDENTE,PERDA DE CONTROLE NO SOLO,BARCELOS,AM,NaN,AVIÃO,PISTÃO,1.0,BRASIL,PARTICULAR,DECOLAGEM,VOO PRIVADO,NaN,0,2018-04-17 20:20:00
200901045337520,INCIDENTE,ESTOURO DE PNEU,BARCELOS,AM,SWBC,AVIÃO,TURBOÉLICE,2.0,BRASIL,REGULAR,CORRIDA APÓS POUSO,VOO REGULAR,NaN,0,2009-01-04 15:56:00
201006096750964,INCIDENTE,COM TREM DE POUSO,SANTA ROSA DO PURUS,AC,NaN,AVIÃO,PISTÃO,2.0,BRASIL,TÁXI AÉREO,ESTACIONAMENTO,TÁXI AÉREO,NaN,0,2010-06-09 13:55:00
201403118353598,ACIDENTE,POUSO SEM TREM,SANTA ROSA DO PURUS,AC,SSPQ,AVIÃO,PISTÃO,2.0,BRASIL,PARTICULAR,POUSO,VOO PRIVADO,NaN,1,2014-03-11 20:00:00
201112057447243,INCIDENTE GRAVE,POUSO EM LOCAL NÃO PREVISTO,SENADOR GUIOMARD,AC,NaN,AVIÃO,PISTÃO,2.0,BRASIL,TÁXI AÉREO,POUSO,TÁXI AÉREO,NaN,2,2011-12-05 19:00:00
201505052599867,ACIDENTE,PERDA DE CONTROLE NO SOLO,PACARAIMA,RR,SDMM,AVIÃO,PISTÃO,1.0,BRASIL,TÁXI AÉREO,POUSO,TÁXI AÉREO,NaN,4,2015-05-05 16:05:00
201410263467049,ACIDENTE,PANE SECA,RORAINÓPOLIS,RR,NaN,AVIÃO,PISTÃO,1.0,BRASIL,ADMINISTRAÇÃO DIRETA,CRUZEIRO,VOO NÃO REGULAR,NaN,3,2014-10-26 17:30:00
200909254887822,INCIDENTE,SUPERAQUECIMENTO,SENA MADUREIRA,AC,NaN,HELICÓPTERO,TURBOEIXO,2.0,BRASIL,ADMINISTRAÇÃO DIRETA,MANOBRA,OPERAÇÃO POLICIAL,NaN,0,2009-09-25 16:00:00
201410058433947,ACIDENTE,INDETERMINADO,SENA MADUREIRA,AC,NaN,AVIÃO,PISTÃO,1.0,BRASIL,PARTICULAR,CRUZEIRO,VOO PRIVADO,NaN,0,2014-10-05 12:00:00
200803071279237,ACIDENTE,FALHA DO MOTOR EM VOO,SENA MADUREIRA,AC,NaN,AVIÃO,PISTÃO,1.0,BRASIL,PARTICULAR,DECOLAGEM,VOO PRIVADO,NaN,0,2008-03-07 13:55:00
200903135213081,INCIDENTE,COLISÃO COM OBSTÁCULOS NO SOLO,OIAPOQUE,AP,SBOI,AVIÃO,PISTÃO,2.0,BRASIL,TÁXI AÉREO,TÁXI,TÁXI AÉREO,NaN,0,2009-03-13 09:30:00
201303126475835,ACIDENTE,PERDA DE CONTROLE EM VOO,ALMEIRIM,PA,SBMD,AVIÃO,TURBOÉLICE,2.0,BRASIL,TÁXI AÉREO,CIRCUITO DE TRÁFEGO,TÁXI AÉREO,10.0,13,2013-03-12 12:30:00
201311109706615,INCIDENTE GRAVE,COLISÃO COM OBSTÁCULO DURANTE A DECOLAGEM E POUSO,ALMEIRIM,PA,NaN,HELICÓPTERO,TURBOEIXO,2.0,BRASIL,TÁXI AÉREO,PAIRADO,TÁXI AÉREO,NaN,3,2013-11-10 12:30:00
201703162202388,INCIDENTE,ESTOURO DE PNEU,ALTAMIRA,PA,SBHT,AVIÃO,TURBOÉLICE,2.0,BRASIL,REGULAR,CORRIDA APÓS POUSO,VOO REGULAR,NaN,0,2017-03-15 18:42:00
200812089521613,ACIDENTE,POUSO EM LOCAL NÃO PREVISTO,ALTAMIRA,PA,NaN,AVIÃO,PISTÃO,1.0,BRASIL,PARTICULAR,ARREMETIDA NO SOLO,VOO PRIVADO,NaN,3,2008-12-08 17:50:00
200901303159724,INCIDENTE,FUMAÇA NA CABINE,ALTAMIRA,PA,NaN,AVIÃO,TURBOÉLICE,2.0,BRASIL,REGULAR,SUBIDA,VOO REGULAR,NaN,0,2009-01-30 20:00:00
201710252238146,ACIDENTE,INDETERMINADO,ALTAMIRA,PA,NaN,AVIÃO,PISTÃO,1.0,BRASIL,AGRÍCOLA,MANOBRA,OPERAÇÃO AGRÍCOLA,1.0,0,2017-10-24 12:30:00
200802214821514,INCIDENTE,FALHA OU MAU FUNCIONAMENTO DE SISTEMA / COMPONENTE ,ALTAMIRA,PA,SJJJ,AVIÃO,PISTÃO,1.0,BRASIL,AGRÍCOLA,RETA FINAL,OPERAÇÃO AGRÍCOLA,NaN,0,2008-02-21 00:00:00
200812169760955,INCIDENTE,FOGO NO SOLO,ALTAMIRA,PA,NaN,AVIÃO,PISTÃO,2.0,BRASIL,TÁXI AÉREO,TÁXI,TÁXI AÉREO,NaN,0,2008-12-16 09:13:00
200802218726276,INCIDENTE,FALHA OU MAU FUNCIONAMENTO DE SISTEMA / COMPONENTE ,ALTAMIRA,PA,NaN,AVIÃO,PISTÃO,1.0,BRASIL,TÁXI AÉREO,POUSO,TÁXI AÉREO,NaN,0,2008-02-21 19:17:00
201102214231103,ACIDENTE,COM TREM DE POUSO,ALTAMIRA,PA,SBHT,AVIÃO,TURBOÉLICE,2.0,BRASIL,REGULAR,CORRIDA APÓS POUSO,VOO REGULAR,NaN,3,2011-02-21 21:45:00
201208045527625,INCIDENTE GRAVE,OUTROS,ALTAMIRA,PA,NaN,AVIÃO,PISTÃO,2.0,BRASIL,PARTICULAR,DECOLAGEM,VOO PRIVADO,NaN,0,2012-08-04 10:10:00
201308054660907,INCIDENTE,ESTOURO DE PNEU,ALTAMIRA,PA,SBHT,AVIÃO,PISTÃO,1.0,BRASIL,PARTICULAR,TÁXI,VOO PRIVADO,NaN,0,2013-08-05 13:56:00
201405093246698,INCIDENTE,TRÁFEGO AÉREO,ALTAMIRA,PA,SBHT,AVIÃO,PISTÃO,2.0,BRASIL,TÁXI AÉREO,CIRCUITO DE TRÁFEGO,TÁXI AÉREO,NaN,0,2014-05-09 12:49:00
201312104344521,INCIDENTE,ESTOURO DE PNEU,ALTAMIRA,PA,SBHT,AVIÃO,PISTÃO,2.0,BRASIL,TÁXI AÉREO,CORRIDA APÓS POUSO,TÁXI AÉREO,NaN,0,2013-12-10 21:40:00
201106222134686,INCIDENTE,COM TREM DE POUSO,TARAUACÁ,AC,SBTK,AVIÃO,PISTÃO,2.0,BRASIL,TÁXI AÉREO,POUSO,TÁXI AÉREO,NaN,0,2011-06-22 16:55:00
201407058980663,ACIDENTE,COLISÃO COM OBSTÁCULOS NO SOLO,BOA VISTA DO RAMOS,AM,NaN,ANFÍBIO,TURBOÉLICE,1.0,BRASIL,TÁXI AÉREO,CORRIDA APÓS POUSO,TÁXI AÉREO,NaN,4,2014-07-05 12:10:00
201306081213547,ACIDENTE,OUTROS,ANAJÁS,PA,NaN,AVIÃO,PISTÃO,1.0,BRASIL,TÁXI AÉREO,DECOLAGEM,TÁXI AÉREO,NaN,2,2013-06-08 13:30:00
201306095813080,ACIDENTE,COLISÃO COM OBSTÁCULO DURANTE A DECOLAGEM E POUSO,ANAJÁS,PA,NaN,AVIÃO,PISTÃO,1.0,BRASIL,TÁXI AÉREO,NAVEGAÇÃO A BAIXA ALTURA,TÁXI AÉREO,NaN,2,2013-06-09 19:10:00
201004173868032,INCIDENTE GRAVE,PANE SECA,UIRAMUTÃ,RR,NaN,AVIÃO,PISTÃO,2.0,BRASIL,ADMINISTRAÇÃO INDIRETA,SUBIDA,VOO PRIVADO,NaN,3,2010-04-17 20:30:00
201402197210388,ACIDENTE,ESTOURO DE PNEU,UIRAMUTÃ,RR,SJLO,AVIÃO,PISTÃO,1.0,BRASIL,TÁXI AÉREO,CORRIDA APÓS POUSO,TÁXI AÉREO,NaN,2,2014-02-19 17:35:00
201502222337976,ACIDENTE,PERDA DE CONTROLE EM VOO,UIRAMUTÃ,RR,SJYR,AVIÃO,PISTÃO,1.0,BRASIL,TÁXI AÉREO,DECOLAGEM,TÁXI AÉREO,NaN,3,2015-02-22 17:30:00
201408205634846,INCIDENTE GRAVE,POUSO LONGO,UIRAMUTÃ,RR,SWPD,AVIÃO,PISTÃO,1.0,BRASIL,TÁXI AÉREO,CORRIDA APÓS POUSO,TÁXI AÉREO,NaN,3,2014-08-20 18:57:00
201207239394959,INCIDENTE,COLISÃO COM OBSTÁCULOS NO SOLO,UIRAMUTÃ,RR,NaN,AVIÃO,PISTÃO,1.0,BRASIL,TÁXI AÉREO,CORRIDA APÓS POUSO,TÁXI AÉREO,NaN,0,2012-07-23 13:20:00
201604100400237,ACIDENTE,PERDA DE CONTROLE EM VOO,UIRAMUTÃ,RR,SJLO,AVIÃO,PISTÃO,1.0,BRASIL,TÁXI AÉREO,CIRCUITO DE TRÁFEGO,TÁXI AÉREO,NaN,0,2016-04-09 19:30:00
201705252223383,ACIDENTE,PERDA DE CONTROLE NO SOLO,UIRAMUTÃ,RR,NaN,AVIÃO,PISTÃO,1.0,BRASIL,TÁXI AÉREO,DECOLAGEM,TÁXI AÉREO,NaN,0,2017-05-21 20:30:00
201003192825797,ACIDENTE,POUSO LONGO,UIRAMUTÃ,RR,NaN,AVIÃO,PISTÃO,2.0,BRASIL,ADMINISTRAÇÃO DIRETA,POUSO,VOO NÃO REGULAR,NaN,4,2010-03-19 13:10:00
201702192348394,ACIDENTE,COLISÃO COM OBSTÁCULO DURANTE A DECOLAGEM E POUSO,BOCA DO ACRE,AM,NaN,AVIÃO,PISTÃO,1.0,BRASIL,AGRÍCOLA,ESPECIALIZADA,OPERAÇÃO AGRÍCOLA,1.0,0,2017-02-17 13:35:00
201706032148539,ACIDENTE,FALHA DO MOTOR EM VOO,BOCA DO ACRE,AM,NaN,AVIÃO,PISTÃO,1.0,BRASIL,PARTICULAR,SUBIDA,VOO PRIVADO,NaN,0,2017-06-02 20:30:00
201708081443268,ACIDENTE,FALHA OU MAU FUNCIONAMENTO DE SISTEMA / COMPONENTE ,BOCA DO ACRE,AM,SWNK,AVIÃO,PISTÃO,1.0,BRASIL,PARTICULAR,OUTRA FASE,VOO PRIVADO,NaN,0,2017-08-06 21:00:00
201312298872006,ACIDENTE,COLISÃO COM OBSTÁCULO DURANTE A DECOLAGEM E POUSO,CANDEIAS DO JAMARI,RO,NaN,ULTRALEVE,PISTÃO,1.0,BRASIL,EXPERIMENTAL,APROXIMAÇÃO FINAL,VOO EXPERIMENTAL,1.0,0,2013-12-29 19:00:00
200802023725141,INCIDENTE GRAVE,FOGO EM VOO,CAAPIRANGA,AM,NaN,HELICÓPTERO,TURBOEIXO,2.0,BRASIL,TÁXI AÉREO,CRUZEIRO,TÁXI AÉREO,NaN,4,2008-02-02 13:35:00
201306183637132,ACIDENTE,COM TREM DE POUSO,CANUTAMA,AM,NaN,AVIÃO,PISTÃO,2.0,BRASIL,PARTICULAR,POUSO,VOO PRIVADO,NaN,0,2013-06-18 21:30:00
201001093512754,INCIDENTE GRAVE,COM TREM DE POUSO,CANUTAMA,AM,NaN,AVIÃO,PISTÃO,2.0,BRASIL,PARTICULAR,CRUZEIRO,VOO PRIVADO,NaN,3,2010-01-09 12:30:00
201711031407248,ACIDENTE,ESTOURO DE PNEU,CANUTAMA,AM,SDKH,AVIÃO,PISTÃO,2.0,BRASIL,TÁXI AÉREO,DECOLAGEM,TÁXI AÉREO,NaN,0,2017-11-02 19:30:00
201001152812076,ACIDENTE,OUTROS,CANUTAMA,AM,NaN,HELICÓPTERO,TURBOEIXO,1.0,BRASIL,TÁXI AÉREO,CRUZEIRO,TÁXI AÉREO,2.0,9,2010-01-15 20:22:00
201111271480512,INCIDENTE GRAVE,PERDA DE COMPONENTE EM VOO,CARAUARI,AM,NaN,HELICÓPTERO,TURBOEIXO,2.0,BRASIL,MÚLTIPLA,CRUZEIRO,TÁXI AÉREO,NaN,0,2011-11-27 13:40:00
201410142592131,INCIDENTE,OUTROS,CARAUARI,AM,SWCA,AVIÃO,TURBOÉLICE,2.0,BRASIL,REGULAR,ESTACIONAMENTO,VOO REGULAR,NaN,0,2014-10-14 19:20:00
201203296440944,INCIDENTE,COM LANÇAMENTO DE CARGA,CARAUARI,AM,NaN,HELICÓPTERO,TURBOEIXO,2.0,BRASIL,TÁXI AÉREO,CRUZEIRO,TÁXI AÉREO,NaN,2,2012-03-29 15:20:00
201110098818912,ACIDENTE,PERDA DE CONTROLE EM VOO,CARAUARI,AM,SWCA,HELICÓPTERO,TURBOEIXO,1.0,BRASIL,TÁXI AÉREO,TÁXI,TÁXI AÉREO,NaN,7,2011-10-09 19:35:00
201506023173157,INCIDENTE,ESTOURO DE PNEU,CARAUARI,AM,SWCA,AVIÃO,TURBOÉLICE,2.0,BRASIL,REGULAR,POUSO,VOO REGULAR,NaN,0,2015-06-02 20:53:00
201703200222152,INCIDENTE GRAVE,ESTOURO DE PNEU,CARAUARI,AM,SWCA,AVIÃO,TURBOÉLICE,1.0,BRASIL,TÁXI AÉREO,POUSO,TÁXI AÉREO,NaN,0,2017-03-17 13:25:00
201207137275797,INCIDENTE,PERDA DE COMPONENTE EM VOO,CARAUARI,AM,NaN,HELICÓPTERO,TURBOEIXO,2.0,BRASIL,TÁXI AÉREO,CRUZEIRO,TÁXI AÉREO,NaN,0,2012-07-13 11:40:00
201509209112862,INCIDENTE,ESTOURO DE PNEU,CARAUARI,AM,SWCA,AVIÃO,TURBOÉLICE,2.0,BRASIL,REGULAR,CORRIDA APÓS POUSO,VOO REGULAR,NaN,0,2015-09-20 10:54:00
201210101645232,INCIDENTE,FALHA DO MOTOR EM VOO,CARAUARI,AM,SWCA,HELICÓPTERO,TURBOEIXO,2.0,BRASIL,PARTICULAR,APROXIMAÇÃO FINAL,VOO PRIVADO,NaN,0,2012-10-10 15:30:00
201006271616323,INCIDENTE,COM LANÇAMENTO DE CARGA,CARAUARI,AM,NaN,HELICÓPTERO,TURBOEIXO,2.0,BRASIL,TÁXI AÉREO,CIRCUITO DE TRÁFEGO,TÁXI AÉREO,NaN,0,2010-06-27 17:45:00
201108081240373,INCIDENTE,OUTROS,CARAUARI,AM,NaN,HELICÓPTERO,TURBOEIXO,2.0,BRASIL,TÁXI AÉREO,CRUZEIRO,TÁXI AÉREO,NaN,0,2011-08-08 16:40:00
200905119443905,INCIDENTE,COLISÃO EM VOO COM OBJETO REBOCADO,COARI,AM,NaN,HELICÓPTERO,TURBOEIXO,2.0,BRASIL,TÁXI AÉREO,DECOLAGEM,TÁXI AÉREO,NaN,0,2009-05-11 18:00:00
201402012783617,INCIDENTE,COM LANÇAMENTO DE CARGA,COARI,AM,NaN,HELICÓPTERO,TURBOEIXO,2.0,BRASIL,TÁXI AÉREO,APROXIMAÇÃO FINAL,TÁXI AÉREO,NaN,0,2014-02-01 19:16:00
201105244433513,ACIDENTE,PERDA DE CONTROLE NO SOLO,COARI,AM,NaN,AVIÃO,TURBOÉLICE,2.0,BRASIL,TÁXI AÉREO,DECOLAGEM,TÁXI AÉREO,NaN,1,2011-05-24 13:43:00
201208156194604,INCIDENTE,SUPERAQUECIMENTO,COARI,AM,SBUY,AVIÃO,TURBOÉLICE,2.0,BRASIL,REGULAR,APROXIMAÇÃO FINAL,VOO REGULAR,NaN,0,2012-08-15 20:33:00
200806019475508,INCIDENTE,FALHA DO MOTOR EM VOO,COARI,AM,NaN,HELICÓPTERO,TURBOEIXO,2.0,BRASIL,TÁXI AÉREO,CRUZEIRO,TÁXI AÉREO,NaN,0,2008-06-01 14:40:00
201006021505338,INCIDENTE,FALHA DO MOTOR EM VOO,COARI,AM,NaN,HELICÓPTERO,TURBOEIXO,2.0,BRASIL,TÁXI AÉREO,SUBIDA,TÁXI AÉREO,NaN,0,2010-06-02 19:00:00
201607261741297,INCIDENTE,FALHA DO MOTOR EM VOO,COARI,AM,SBUY,AVIÃO,TURBOÉLICE,2.0,BRASIL,REGULAR,APROXIMAÇÃO FINAL,VOO REGULAR,NaN,0,2016-03-09 14:29:00
200910063738076,INCIDENTE,FALHA OU MAU FUNCIONAMENTO DE SISTEMA / COMPONENTE ,COARI,AM,NaN,HELICÓPTERO,TURBOEIXO,2.0,BRASIL,TÁXI AÉREO,CHEQUE DE MOTOR OU ROTOR,TÁXI AÉREO,NaN,0,2009-10-06 19:00:00
201403181471641,INCIDENTE,COM LANÇAMENTO DE CARGA,COARI,AM,NaN,HELICÓPTERO,TURBOEIXO,2.0,BRASIL,TÁXI AÉREO,CIRCUITO DE TRÁFEGO,TÁXI AÉREO,NaN,0,2014-03-18 18:45:00
201104259642130,INCIDENTE,PERDA DE COMPONENTE EM VOO,COARI,AM,NaN,AVIÃO,TURBOÉLICE,2.0,BRASIL,REGULAR,CIRCUITO DE TRÁFEGO,VOO REGULAR,NaN,0,2011-04-25 11:30:00
201406034802525,INCIDENTE,COM LANÇAMENTO DE CARGA,COARI,AM,NaN,HELICÓPTERO,TURBOEIXO,2.0,BRASIL,TÁXI AÉREO,CRUZEIRO,TÁXI AÉREO,NaN,0,2014-06-03 14:10:00
201108136105131,INCIDENTE,PERDA DE COMPONENTE EM VOO,COARI,AM,NaN,HELICÓPTERO,TURBOEIXO,2.0,BRASIL,TÁXI AÉREO,SUBIDA,TÁXI AÉREO,NaN,0,2011-08-13 03:00:00
200804217476291,ACIDENTE,FALHA DO MOTOR EM VOO,COARI,AM,SWKO,AVIÃO,TURBOÉLICE,2.0,BRASIL,REGULAR,CORRIDA APÓS POUSO,VOO REGULAR,NaN,15,2008-04-21 19:00:00
201507226996955,INCIDENTE,ESTOURO DE PNEU,COARI,AM,SWKO,AVIÃO,PISTÃO,2.0,BRASIL,TÁXI AÉREO,CORRIDA APÓS POUSO,TÁXI AÉREO,NaN,0,2015-07-22 13:09:00
201006276442081,INCIDENTE,COM LANÇAMENTO DE CARGA,COARI,AM,NaN,HELICÓPTERO,TURBOEIXO,2.0,BRASIL,TÁXI AÉREO,CRUZEIRO,TÁXI AÉREO,NaN,0,2010-06-27 12:20:00
201106034180556,INCIDENTE GRAVE,COLISÃO EM VOO COM OBJETO REBOCADO,COARI,AM,NaN,HELICÓPTERO,TURBOEIXO,2.0,BRASIL,TÁXI AÉREO,SUBIDA,TÁXI AÉREO,NaN,3,2011-06-03 18:00:00
201408165184033,INCIDENTE GRAVE,F.O.D.,COARI,AM,NaN,HELICÓPTERO,TURBOEIXO,2.0,BRASIL,TÁXI AÉREO,APROXIMAÇÃO FINAL,TÁXI AÉREO,NaN,0,2014-08-16 11:57:00
201001078669978,INCIDENTE,TRÁFEGO AÉREO,COARI,AM,SBUY,AVIÃO,TURBOÉLICE,2.0,BRASIL,REGULAR,POUSO,VOO REGULAR,NaN,0,2010-01-07 18:40:00
201206281694764,INCIDENTE,PERDA DE COMPONENTE EM VOO,COARI,AM,NaN,HELICÓPTERO,TURBOEIXO,2.0,BRASIL,TÁXI AÉREO,CRUZEIRO,TÁXI AÉREO,NaN,0,2012-06-28 12:00:00
201505205620091,INCIDENTE,ESTOURO DE PNEU,COARI,AM,SWKO,AVIÃO,TURBOÉLICE,2.0,BRASIL,REGULAR,CORRIDA APÓS POUSO,VOO REGULAR,NaN,0,2015-05-20 17:00:00
201102233787831,INCIDENTE,FALHA DO MOTOR EM VOO,COARI,AM,NaN,HELICÓPTERO,TURBOEIXO,2.0,BRASIL,TÁXI AÉREO,APROXIMAÇÃO FINAL,TÁXI AÉREO,NaN,1,2011-02-23 09:50:00
201204215889789,INCIDENTE,FALHA DO MOTOR EM VOO,COARI,AM,NaN,HELICÓPTERO,TURBOEIXO,2.0,BRASIL,TÁXI AÉREO,PAIRADO,TÁXI AÉREO,NaN,0,2012-04-21 13:05:00
201105288519733,INCIDENTE,FALHA DO MOTOR EM VOO,COARI,AM,NaN,HELICÓPTERO,TURBOEIXO,2.0,BRASIL,TÁXI AÉREO,APROXIMAÇÃO FINAL,TÁXI AÉREO,NaN,0,2011-05-28 17:23:00
200802153858261,INCIDENTE,FALHA DO MOTOR EM VOO,COARI,AM,NaN,HELICÓPTERO,TURBOEIXO,2.0,BRASIL,TÁXI AÉREO,CRUZEIRO,NaN,NaN,0,2008-02-15 12:00:00
201703232134054,ACIDENTE,PERDA DE CONTROLE NO SOLO,COARI,AM,SBUY,AVIÃO,TURBOÉLICE,2.0,BRASIL,REGULAR,CORRIDA APÓS POUSO,VOO REGULAR,NaN,0,2017-03-21 01:25:00
201208123058933,INCIDENTE GRAVE,POUSO SEM TREM,COARI,AM,SWKO,AVIÃO,PISTÃO,2.0,BRASIL,PARTICULAR,POUSO,VOO PRIVADO,NaN,1,2012-08-12 12:20:00
200907107891863,INCIDENTE,COM TREM DE POUSO,COARI,AM,NaN,AVIÃO,PISTÃO,2.0,BRASIL,TÁXI AÉREO,TÁXI,TÁXI AÉREO,NaN,0,2009-07-10 19:50:00
201206218805251,INCIDENTE,FALHA DO MOTOR EM VOO,COARI,AM,NaN,HELICÓPTERO,TURBOEIXO,2.0,BRASIL,TÁXI AÉREO,DECOLAGEM,TÁXI AÉREO,NaN,0,2012-06-21 12:15:00
201012016897994,INCIDENTE,PERDA DE COMPONENTE NO SOLO,BELÉM,PA,NaN,AVIÃO,JATO,2.0,BRASIL,REGULAR,DECOLAGEM,VOO REGULAR,NaN,0,2010-12-01 20:30:00
201304261869005,ACIDENTE,FALHA DO MOTOR EM VOO,BELÉM,PA,NaN,AVIÃO,PISTÃO,1.0,BRASIL,TÁXI AÉREO,CIRCUITO DE TRÁFEGO,TÁXI AÉREO,2.0,5,2013-04-26 12:15:00
201404151534424,INCIDENTE,ESTOURO DE PNEU,BELÉM,PA,SBJC,AVIÃO,PISTÃO,1.0,BRASIL,TÁXI AÉREO,POUSO,TÁXI AÉREO,NaN,0,2014-04-15 20:53:00
200801294556013,INCIDENTE,COM TREM DE POUSO,BELÉM,PA,SBBE,AVIÃO,JATO,2.0,BRASIL,REGULAR,CORRIDA APÓS POUSO,VOO REGULAR,NaN,0,2008-01-29 11:42:00
201201087632877,INCIDENTE,ESTOURO DE PNEU,BELÉM,PA,SBBE,AVIÃO,JATO,2.0,BRASIL,REGULAR,CORRIDA APÓS POUSO,VOO REGULAR,NaN,0,2012-01-08 19:12:00
200807255447576,INCIDENTE,POUSO SEM TREM,BELÉM,PA,SBBE,AVIÃO,PISTÃO,1.0,BRASIL,ADMINISTRAÇÃO DIRETA,POUSO,OPERAÇÃO POLICIAL,NaN,0,2008-07-25 14:15:00
201603221657327,INCIDENTE,OUTROS,BELÉM,PA,SBBE,AVIÃO,PISTÃO,2.0,BRASIL,TÁXI AÉREO,CORRIDA APÓS POUSO,TÁXI AÉREO,NaN,0,2016-03-22 14:10:00
201406119704363,INCIDENTE,SUPERAQUECIMENTO,BELÉM,PA,SBBE,AVIÃO,TURBOÉLICE,2.0,BRASIL,REGULAR,DECOLAGEM,VOO REGULAR,NaN,0,2014-06-11 21:50:00
201003157975103,INCIDENTE,COM TREM DE POUSO,BELÉM,PA,SBJC,AVIÃO,PISTÃO,1.0,BRASIL,TÁXI AÉREO,POUSO,TÁXI AÉREO,NaN,0,2010-03-15 18:15:00
201408192356339,INCIDENTE GRAVE,PERDA DE CONTROLE NO SOLO,BELÉM,PA,SBBE,AVIÃO,PISTÃO,2.0,BRASIL,TÁXI AÉREO,TÁXI,TÁXI AÉREO,NaN,3,2014-08-19 08:45:00
200810181673545,INCIDENTE,FALHA DO MOTOR EM VOO,BELÉM,PA,SBBE,AVIÃO,PISTÃO,1.0,BRASIL,PARTICULAR,DECOLAGEM,VOO PRIVADO,NaN,0,2008-10-18 20:35:00
201507036397089,INCIDENTE GRAVE,COM TREM DE POUSO,BELÉM,PA,SBJC,AVIÃO,PISTÃO,1.0,BRASIL,PARTICULAR,CORRIDA APÓS POUSO,VOO PRIVADO,NaN,0,2015-07-03 13:33:00
201001263547558,INCIDENTE,COM TREM DE POUSO,BELÉM,PA,SBJC,AVIÃO,PISTÃO,1.0,BRASIL,INSTRUÇÃO,POUSO,VOO DE INSTRUÇÃO,NaN,0,2010-01-26 14:30:00
201206233807198,INCIDENTE,PERDA DE CONTROLE NO SOLO,BELÉM,PA,SBJC,AVIÃO,PISTÃO,1.0,BRASIL,ESPECIALIZADA,TÁXI,OPERAÇÃO ESPECIALIZADA,NaN,0,2012-06-23 11:50:00
201104084258849,INCIDENTE,OUTROS,BELÉM,PA,NaN,AVIÃO,TURBOÉLICE,1.0,BRASIL,TÁXI AÉREO,TÁXI,TÁXI AÉREO,NaN,0,2011-04-08 21:36:00
200811158999680,INCIDENTE,COLISÃO COM OBSTÁCULOS NO SOLO,BELÉM,PA,SBJC,AVIÃO,PISTÃO,1.0,BRASIL,PARTICULAR,TÁXI,VOO PRIVADO,NaN,0,2008-11-15 10:30:00
200804106060471,INCIDENTE,FALHA DO MOTOR EM VOO,BELÉM,PA,NaN,AVIÃO,JATO,2.0,BRASIL,REGULAR,CRUZEIRO,VOO REGULAR,NaN,0,2008-04-10 13:47:00
200801295015625,INCIDENTE,COM TREM DE POUSO,BELÉM,PA,SBBE,AVIÃO,JATO,2.0,BRASIL,PARTICULAR,CORRIDA APÓS POUSO,VOO PRIVADO,NaN,0,2008-01-29 00:00:00
201212069111279,INCIDENTE GRAVE,PERDA DE CONTROLE NO SOLO,BELÉM,PA,SBJC,AVIÃO,PISTÃO,1.0,BRASIL,PARTICULAR,DECOLAGEM,VOO PRIVADO,NaN,2,2012-12-06 13:15:00
201009246639670,ACIDENTE,FALHA DO MOTOR EM VOO,BELÉM,PA,SBJC,AVIÃO,PISTÃO,1.0,BRASIL,TÁXI AÉREO,DECOLAGEM,TÁXI AÉREO,NaN,2,2010-09-24 18:10:00
201510014463364,INCIDENTE,OUTROS,BELÉM,PA,SBBE,AVIÃO,JATO,2.0,BRASIL,REGULAR,DECOLAGEM,VOO REGULAR,NaN,0,2015-10-01 18:30:00
201601261427295,ACIDENTE,COM TREM DE POUSO,BELÉM,PA,SBJC,AVIÃO,PISTÃO,1.0,BRASIL,PARTICULAR,CORRIDA APÓS POUSO,VOO PRIVADO,NaN,0,2016-01-04 14:56:00
201206151505187,INCIDENTE,TRÁFEGO AÉREO,BELÉM,PA,SBBE,AVIÃO,JATO,2.0,BRASIL,REGULAR,DECOLAGEM,VOO REGULAR,NaN,0,2012-06-15 00:06:00
201411195595523,INCIDENTE,FALHA OU MAU FUNCIONAMENTO DE SISTEMA / COMPONENTE ,BELÉM,PA,SBBE,AVIÃO,TURBOÉLICE,2.0,BRASIL,REGULAR,DECOLAGEM,VOO REGULAR,NaN,0,2014-11-19 20:20:00
201206017405998,ACIDENTE,OUTROS,BELÉM,PA,SBJC,AVIÃO,PISTÃO,1.0,BRASIL,TÁXI AÉREO,POUSO,TÁXI AÉREO,NaN,0,2012-06-01 15:08:00
201403245808652,INCIDENTE,OUTROS,BELÉM,PA,SBBE,AVIÃO,JATO,2.0,BRASIL,NÃO REGULAR,APROXIMAÇÃO FINAL,VOO REGULAR,NaN,0,2014-03-24 18:30:00
201409167460050,INCIDENTE GRAVE,COM TREM DE POUSO,BELÉM,PA,SBJC,AVIÃO,PISTÃO,1.0,BRASIL,INSTRUÇÃO,CORRIDA APÓS POUSO,VOO DE INSTRUÇÃO,NaN,2,2014-09-16 12:00:00
201102183438666,INCIDENTE,ESTOURO DE PNEU,BELÉM,PA,SBBE,AVIÃO,TURBOÉLICE,1.0,BRASIL,REGULAR,CORRIDA APÓS POUSO,VOO REGULAR,NaN,0,2011-02-18 23:42:00
201501103672180,INCIDENTE,COM TREM DE POUSO,BELÉM,PA,SBBE,AVIÃO,PISTÃO,1.0,BRASIL,EXPERIMENTAL,DECOLAGEM,VOO PRIVADO,NaN,0,2015-01-10 16:00:00
201306263398639,INCIDENTE GRAVE,PERDA DE CONTROLE NO SOLO,BELÉM,PA,SBJC,AVIÃO,PISTÃO,1.0,BRASIL,INSTRUÇÃO,CORRIDA APÓS POUSO,VOO DE INSTRUÇÃO,NaN,2,2013-06-26 12:45:00
201011199834898,INCIDENTE,FALHA OU MAU FUNCIONAMENTO DE SISTEMA / COMPONENTE ,BELÉM,PA,NaN,AVIÃO,NaN,0.0,BRASIL,NaN,POUSO,NaN,NaN,0,2010-11-19 15:56:00
201309032120048,ACIDENTE,FALHA OU MAU FUNCIONAMENTO DE SISTEMA / COMPONENTE ,BELÉM,PA,NaN,AVIÃO,PISTÃO,1.0,BRASIL,TÁXI AÉREO,DECOLAGEM,TÁXI AÉREO,3.0,3,2013-09-03 17:45:00
201306273962218,INCIDENTE,FALHA OU MAU FUNCIONAMENTO DE SISTEMA / COMPONENTE ,BELÉM,PA,SBBE,AVIÃO,JATO,2.0,BRASIL,PARTICULAR,APROXIMAÇÃO FINAL,VOO PRIVADO,NaN,0,2013-06-27 12:51:00
201010049862959,INCIDENTE GRAVE,COM TREM DE POUSO,BELÉM,PA,NaN,AVIÃO,PISTÃO,1.0,BRASIL,PARTICULAR,CORRIDA APÓS POUSO,VOO PRIVADO,NaN,4,2010-10-04 13:50:00
201707050146112,INCIDENTE,PERDA DE COMPONENTE EM VOO,BELÉM,PA,SBBE,AVIÃO,TURBOÉLICE,2.0,BRASIL,REGULAR,DESCIDA,VOO REGULAR,NaN,0,2017-07-04 15:25:00
201706162109264,INCIDENTE,OUTROS,BELÉM,PA,SBBE,AVIÃO,PISTÃO,2.0,BRASIL,PARTICULAR,CORRIDA APÓS POUSO,VOO PRIVADO,NaN,0,2017-06-15 17:00:00
201202089219196,ACIDENTE,PANE SECA,BELÉM,PA,NaN,AVIÃO,TURBOÉLICE,2.0,BRASIL,PARTICULAR,APROXIMAÇÃO FINAL,VOO PRIVADO,NaN,11,2012-02-08 01:44:00
200807071315167,INCIDENTE,PROBLEMAS FISIOLÓGICOS,BELÉM,PA,SBBE,AVIÃO,JATO,2.0,BRASIL,REGULAR,CRUZEIRO,VOO REGULAR,NaN,0,2008-07-07 19:00:00
201406154417302,INCIDENTE,SUPERAQUECIMENTO,BELÉM,PA,SBBE,AVIÃO,TURBOÉLICE,2.0,BRASIL,REGULAR,DECOLAGEM,VOO REGULAR,NaN,0,2014-06-15 21:41:00
201702062213457,INCIDENTE,ESTOURO DE PNEU,BELÉM,PA,SBJC,AVIÃO,PISTÃO,1.0,BRASIL,PARTICULAR,TÁXI,VOO PRIVADO,NaN,0,2017-02-03 15:12:00
201202042861026,INCIDENTE,OUTROS,BELÉM,PA,SBBE,AVIÃO,PISTÃO,1.0,BRASIL,PARTICULAR,POUSO,VOO PRIVADO,NaN,0,2012-02-04 14:55:00
201208084676289,INCIDENTE,OUTROS,BELÉM,PA,SBBE,AVIÃO,TURBOÉLICE,1.0,BRASIL,TÁXI AÉREO,CORRIDA APÓS POUSO,TÁXI AÉREO,NaN,0,2012-08-08 22:59:00
201509138824290,ACIDENTE,PANE SECA,BELÉM,PA,NaN,NaN,NaN,0.0,BRASIL,EXPERIMENTAL,CRUZEIRO,VOO PRIVADO,NaN,0,2015-09-13 13:17:00
201104121756210,INCIDENTE,OUTROS,BELÉM,PA,NaN,AVIÃO,TURBOÉLICE,1.0,BRASIL,TÁXI AÉREO,TÁXI,TÁXI AÉREO,NaN,0,2011-04-12 22:57:00
201505098536724,INCIDENTE,COM TREM DE POUSO,BELÉM,PA,SBBE,AVIÃO,PISTÃO,2.0,BRASIL,PARTICULAR,POUSO,VOO PRIVADO,NaN,0,2015-05-09 12:53:00
201405316034817,INCIDENTE,FOGO NO SOLO,BELÉM,PA,SBBE,AVIÃO,JATO,2.0,BRASIL,REGULAR,ESTACIONAMENTO,VOO REGULAR,NaN,0,2014-05-31 08:25:00
201001281486823,INCIDENTE,SUPERAQUECIMENTO,BELÉM,PA,NaN,AVIÃO,JATO,2.0,BRASIL,REGULAR,SUBIDA,VOO REGULAR,NaN,0,2010-01-28 16:00:00
201111102265077,INCIDENTE,COM TREM DE POUSO,BELÉM,PA,SBJC,AVIÃO,PISTÃO,1.0,BRASIL,TÁXI AÉREO,CORRIDA APÓS POUSO,TÁXI AÉREO,NaN,0,2011-11-10 12:24:00
201503192940632,INCIDENTE,OUTROS,BELÉM,PA,SBBE,AVIÃO,TURBOÉLICE,2.0,BRASIL,REGULAR,OPERAÇÃO DE SOLO,VOO REGULAR,NaN,0,2015-03-19 03:25:00
201304097000557,INCIDENTE,TRÁFEGO AÉREO,BELÉM,PA,SBBE,AVIÃO,JATO,3.0,BRASIL,REGULAR,DECOLAGEM,VOO REGULAR,NaN,0,2013-04-09 22:17:00
200909261726375,INCIDENTE,SUPERAQUECIMENTO,BELÉM,PA,NaN,AVIÃO,TURBOÉLICE,2.0,BRASIL,REGULAR,TÁXI,VOO REGULAR,NaN,0,2009-09-26 20:35:00
201003165696639,INCIDENTE,ESTOURO DE PNEU,BELÉM,PA,SBJC,AVIÃO,PISTÃO,1.0,BRASIL,INSTRUÇÃO,POUSO,VOO DE INSTRUÇÃO,NaN,0,2010-03-16 20:00:00
201304225625801,INCIDENTE GRAVE,FALHA OU MAU FUNCIONAMENTO DE SISTEMA / COMPONENTE ,BELÉM,PA,SBBE,AVIÃO,TURBOÉLICE,2.0,BRASIL,TÁXI AÉREO,POUSO,TÁXI AÉREO,NaN,0,2013-04-22 11:28:00
200805079652898,INCIDENTE,ESTOURO DE PNEU,BELÉM,PA,SBBE,AVIÃO,JATO,2.0,BRASIL,PARTICULAR,CORRIDA APÓS POUSO,VOO PRIVADO,NaN,0,2008-05-07 17:38:00
201202251218708,ACIDENTE,DESORIENTAÇÃO ESPACIAL,BELÉM,PA,NaN,AVIÃO,PISTÃO,2.0,BRASIL,PARTICULAR,SUBIDA,VOO PRIVADO,3.0,8,2012-02-25 11:47:00
201607061730089,ACIDENTE,FALHA ESTRUTURAL,BELÉM,PA,NaN,AVIÃO,PISTÃO,1.0,BRASIL,PARTICULAR,CRUZEIRO,VOO PRIVADO,5.0,0,2016-07-02 16:25:00
201406088459409,INCIDENTE,EXCURSÃO DE PISTA,BELÉM,PA,SBBE,AVIÃO,JATO,2.0,BRASIL,NaN,TÁXI,VOO REGULAR,NaN,4,2014-06-08 23:17:00
201108196280612,INCIDENTE GRAVE,POUSO SEM TREM,BELÉM,PA,SBJC,AVIÃO,PISTÃO,1.0,BRASIL,TÁXI AÉREO,POUSO,TÁXI AÉREO,NaN,3,2011-08-19 11:11:00
201209236492794,ACIDENTE,COLISÃO COM OBSTÁCULOS NO SOLO,BELÉM,PA,SBBE,HELICÓPTERO,TURBOEIXO,2.0,BRASIL,TÁXI AÉREO,ESTACIONAMENTO,TÁXI AÉREO,NaN,3,2012-09-23 18:35:00
201206306828995,INCIDENTE,OUTROS,BELÉM,PA,SBJC,AVIÃO,PISTÃO,1.0,BRASIL,INSTRUÇÃO,CORRIDA APÓS POUSO,VOO DE INSTRUÇÃO,NaN,0,2012-06-30 15:51:00
201407036146894,INCIDENTE,OUTROS,BELÉM,PA,SBBE,AVIÃO,TURBOÉLICE,2.0,BRASIL,PARTICULAR,POUSO,VOO PRIVADO,NaN,0,2014-07-03 19:58:00
201409043384038,INCIDENTE,COLISÃO DE VEÍCULO COM AERONAVE,EIRUNEPÉ,AM,SWEI,AVIÃO,PISTÃO,2.0,BRASIL,TÁXI AÉREO,PARTIDA DO MOTOR,TÁXI AÉREO,NaN,0,2014-09-04 13:20:00
201710041347124,ACIDENTE,OUTROS,BELTERRA,PA,NaN,AVIÃO,PISTÃO,1.0,BRASIL,PARTICULAR,OUTRA FASE,VOO PRIVADO,NaN,0,2017-09-30 13:00:00
201610251344477,ACIDENTE,PERDA DE CONTROLE EM VOO,BENEVIDES,PA,NaN,ULTRALEVE,PISTÃO,1.0,BRASIL,EXPERIMENTAL,CRUZEIRO,VOO EXPERIMENTAL,NaN,0,2016-10-23 10:30:00
201202247928121,ACIDENTE,FALHA DO MOTOR EM VOO,ENVIRA,AM,NaN,AVIÃO,PISTÃO,1.0,BRASIL,PARTICULAR,SUBIDA,VOO PRIVADO,NaN,4,2012-02-24 21:30:00
201306078790383,ACIDENTE,FALHA DO MOTOR EM VOO,ENVIRA,AM,NaN,AVIÃO,PISTÃO,2.0,BRASIL,PARTICULAR,DECOLAGEM,VOO PRIVADO,1.0,3,2013-06-07 14:20:00
201101198665030,ACIDENTE,FALHA DO MOTOR EM VOO,ENVIRA,AM,NaN,AVIÃO,PISTÃO,1.0,BRASIL,PARTICULAR,CRUZEIRO,VOO PRIVADO,NaN,1,2011-01-19 22:10:00
201307214370102,INCIDENTE,OUTROS,FONTE BOA,AM,SWOB,AVIÃO,TURBOÉLICE,2.0,BRASIL,REGULAR,TÁXI,VOO REGULAR,NaN,0,2013-07-21 19:05:00
201303238137104,INCIDENTE GRAVE,COM TREM DE POUSO,FONTE BOA,AM,SWOB,AVIÃO,PISTÃO,2.0,BRASIL,PARTICULAR,POUSO,VOO PRIVADO,NaN,0,2013-03-23 14:45:00
201402154288744,ACIDENTE,DESORIENTAÇÃO ESPACIAL,BRAGANÇA,PA,NaN,HELICÓPTERO,PISTÃO,1.0,BRASIL,INSTRUÇÃO,MANOBRA,VOO DE INSTRUÇÃO,2.0,0,2014-02-15 22:00:00
201105144414959,ACIDENTE,CAUSADO POR FENÔMENO METEOROLÓGICO EM VOO,BREU BRANCO,PA,NaN,AVIÃO,PISTÃO,1.0,BRASIL,PARTICULAR,CRUZEIRO,VOO PRIVADO,3.0,7,2011-05-14 14:30:00
201301266659384,INCIDENTE GRAVE,FOGO EM VOO,IPIXUNA,AM,NaN,HELICÓPTERO,TURBOEIXO,2.0,BRASIL,TÁXI AÉREO,APROXIMAÇÃO FINAL,TÁXI AÉREO,NaN,2,2013-01-26 15:00:00
201212225707711,INCIDENTE,PERDA DE COMPONENTE EM VOO,IPIXUNA,AM,NaN,HELICÓPTERO,TURBOEIXO,2.0,BRASIL,TÁXI AÉREO,CRUZEIRO,TÁXI AÉREO,NaN,0,2012-12-22 19:10:00
201803161630146,ACIDENTE,OPERAÇÃO A BAIXA ALTITUDE,BREVES,PA,NaN,HELICÓPTERO,TURBOEIXO,1.0,BRASIL,ESPECIALIZADA,MANOBRA,OPERAÇÃO ESPECIALIZADA,NaN,0,2018-03-15 15:00:00
201604271641454,INCIDENTE,ESTOURO DE PNEU,BREVES,PA,SNVS,AVIÃO,TURBOÉLICE,1.0,BRASIL,TÁXI AÉREO,CORRIDA APÓS POUSO,TÁXI AÉREO,NaN,0,2016-04-27 15:12:00
201404162921836,ACIDENTE,FALHA DO MOTOR EM VOO,IRANDUBA,AM,NaN,AVIÃO,PISTÃO,2.0,BRASIL,PARTICULAR,CRUZEIRO,VOO PRIVADO,NaN,0,2014-04-16 20:40:00
201110187616475,ACIDENTE,PERDA DE COMPONENTE EM VOO,ITACOATIARA,AM,NaN,HELICÓPTERO,TURBOEIXO,2.0,BRASIL,TÁXI AÉREO,PARTIDA DO MOTOR,TÁXI AÉREO,NaN,5,2011-10-18 19:50:00
201205235478849,INCIDENTE GRAVE,COLISÃO COM OBSTÁCULO DURANTE A DECOLAGEM E POUSO,ITAPIRANGA,AM,NaN,HELICÓPTERO,TURBOEIXO,2.0,BRASIL,MÚLTIPLA,APROXIMAÇÃO FINAL,TÁXI AÉREO,NaN,2,2012-05-23 20:20:00
200906268393861,ACIDENTE,FALHA DO MOTOR EM VOO,CAMETÁ,PA,NaN,AVIÃO,PISTÃO,1.0,BRASIL,TÁXI AÉREO,CRUZEIRO,TÁXI AÉREO,NaN,2,2009-06-26 17:00:00
201601261835108,INCIDENTE GRAVE,POUSO SEM TREM,CAMETÁ,PA,NaN,AVIÃO,PISTÃO,1.0,BRASIL,PARTICULAR,POUSO,VOO PRIVADO,NaN,0,2016-01-15 19:00:00
201202166802412,ACIDENTE,FALHA DO MOTOR EM VOO,CAMETÁ,PA,NaN,AVIÃO,PISTÃO,2.0,BRASIL,TÁXI AÉREO,DECOLAGEM,TÁXI AÉREO,4.0,11,2012-02-16 12:30:00
201210223216827,INCIDENTE,FALHA DO MOTOR EM VOO,CAMETÁ,PA,NaN,AVIÃO,PISTÃO,1.0,BRASIL,PARTICULAR,CRUZEIRO,VOO PRIVADO,NaN,0,2012-10-22 18:38:00
201208225156006,ACIDENTE,FALHA DO MOTOR EM VOO,ARAGUAÍNA,TO,NaN,AVIÃO,PISTÃO,2.0,BRASIL,PARTICULAR,DECOLAGEM,VOO PRIVADO,NaN,0,2012-08-22 13:00:00
201601261557549,INCIDENTE,ESTOURO DE PNEU,ARAGUAÍNA,TO,SWGN,AVIÃO,TURBOÉLICE,2.0,BRASIL,REGULAR,ESTACIONAMENTO,VOO REGULAR,NaN,0,2016-01-22 03:44:00
201402198294108,ACIDENTE,FALHA DO MOTOR EM VOO,ARAGUAÍNA,TO,SWGN,AVIÃO,PISTÃO,1.0,BRASIL,TÁXI AÉREO,DECOLAGEM,TÁXI AÉREO,1.0,0,2014-02-19 19:21:00
201712281628072,INCIDENTE,OUTROS,ARAGUAÍNA,TO,SWGN,AVIÃO,JATO,2.0,BRASIL,PARTICULAR,DECOLAGEM,VOO PRIVADO,NaN,0,2017-12-28 06:30:00
201512155909654,INCIDENTE GRAVE,PERDA DE CONTROLE NO SOLO,ARAGUAÍNA,TO,SWGN,AVIÃO,PISTÃO,2.0,BRASIL,PARTICULAR,CORRIDA APÓS POUSO,VOO PRIVADO,NaN,0,2015-12-15 13:00:00
200901216079108,INCIDENTE,PERDA DE COMPONENTE EM VOO,ARAGUAÍNA,TO,NaN,AVIÃO,TURBOÉLICE,2.0,BRASIL,REGULAR,DESCIDA,VOO REGULAR,NaN,0,2009-01-21 17:00:00
201410039144641,INCIDENTE,ESTOURO DE PNEU,ARAGUAÍNA,TO,SWGN,AVIÃO,TURBOÉLICE,2.0,BRASIL,PARTICULAR,DECOLAGEM,VOO PRIVADO,NaN,0,2014-10-03 11:00:00
201008237823514,INCIDENTE,OUTROS,ARAGUAÍNA,TO,NaN,AVIÃO,TURBOÉLICE,2.0,BRASIL,REGULAR,POUSO,VOO REGULAR,NaN,0,2010-08-23 19:32:00
201402269972570,ACIDENTE,FALHA DO MOTOR EM VOO,ARAGUAÍNA,TO,NaN,AVIÃO,PISTÃO,1.0,BRASIL,PARTICULAR,ESPECIALIZADA,OPERAÇÃO AGRÍCOLA,NaN,2,2014-02-26 11:15:00
201208218524867,ACIDENTE,FALHA DO MOTOR EM VOO,JURUÁ,AM,NaN,AVIÃO,PISTÃO,2.0,BRASIL,TÁXI AÉREO,CRUZEIRO,TÁXI AÉREO,NaN,3,2012-08-21 18:50:00
201608052035104,ACIDENTE,COM TREM DE POUSO,LÁBREA,AM,SWLB,AVIÃO,PISTÃO,1.0,BRASIL,PARTICULAR,CORRIDA APÓS POUSO,VOO PRIVADO,NaN,4,2016-08-03 19:40:00
200902079713655,ACIDENTE,FALHA DO MOTOR EM VOO,MANACAPURU,AM,NaN,AVIÃO,TURBOÉLICE,2.0,BRASIL,TÁXI AÉREO,CRUZEIRO,TÁXI AÉREO,24.0,17,2009-02-07 17:30:00
201403103365140,INCIDENTE GRAVE,PERDA DE CONTROLE NO SOLO,CHAVES,PA,SNXW,AVIÃO,PISTÃO,1.0,BRASIL,TÁXI AÉREO,DECOLAGEM,TÁXI AÉREO,NaN,5,2014-03-10 17:30:00
201204215811373,INCIDENTE,OUTROS,CHAVES,PA,NaN,AVIÃO,PISTÃO,1.0,BRASIL,TÁXI AÉREO,DECOLAGEM,TÁXI AÉREO,NaN,0,2012-04-21 12:45:00
201503041051958,ACIDENTE,PERDA DE CONTROLE NO SOLO,CHAVES,PA,SNXW,AVIÃO,PISTÃO,1.0,BRASIL,TÁXI AÉREO,DECOLAGEM,TÁXI AÉREO,NaN,0,2015-03-04 13:30:00
200810145867995,INCIDENTE GRAVE,PERDA DE CONTROLE NO SOLO,CHAVES,PA,SNXW,AVIÃO,PISTÃO,1.0,BRASIL,TÁXI AÉREO,CORRIDA APÓS POUSO,TÁXI AÉREO,NaN,3,2008-10-14 10:22:00
201406294726451,INCIDENTE,FALHA OU MAU FUNCIONAMENTO DE SISTEMA / COMPONENTE ,MANAQUIRI,AM,NaN,AVIÃO,JATO,2.0,BRASIL,REGULAR,SUBIDA,VOO REGULAR,NaN,0,2014-06-29 20:40:00
201212027518733,INCIDENTE,CAUSADO POR FENÔMENO METEOROLÓGICO EM VOO,MANAUS,AM,SBEG,AVIÃO,JATO,2.0,BRASIL,PARTICULAR,CRUZEIRO,VOO PRIVADO,NaN,0,2012-12-02 15:00:00
201005071434215,INCIDENTE,FALHA OU MAU FUNCIONAMENTO DE SISTEMA / COMPONENTE ,MANAUS,AM,NaN,AVIÃO,TURBOÉLICE,2.0,BRASIL,REGULAR,SUBIDA,VOO REGULAR,NaN,0,2010-05-07 10:28:00
201303113050125,ACIDENTE,FALHA DO MOTOR EM VOO,MANAUS,AM,NaN,AVIÃO,PISTÃO,1.0,BRASIL,NaN,POUSO,VOO PRIVADO,NaN,0,2013-03-12 00:27:00
201312028994752,INCIDENTE,OUTROS,MANAUS,AM,SBEG,AVIÃO,JATO,2.0,BRASIL,REGULAR,TÁXI,VOO REGULAR,NaN,0,2013-12-02 11:17:00
201401183901627,ACIDENTE,POUSO SEM TREM,MANAUS,AM,SWFN,AVIÃO,PISTÃO,2.0,BRASIL,PARTICULAR,POUSO,VOO PRIVADO,NaN,1,2014-01-18 19:50:00
201206227951836,INCIDENTE,F.O.D.,MANAUS,AM,SBEG,AVIÃO,TURBOÉLICE,2.0,BRASIL,TÁXI AÉREO,TÁXI,TÁXI AÉREO,NaN,0,2012-06-22 14:30:00
201211291221242,INCIDENTE,ESTOURO DE PNEU,MANAUS,AM,SBEG,AVIÃO,TURBOÉLICE,2.0,BRASIL,TÁXI AÉREO,CORRIDA APÓS POUSO,TÁXI AÉREO,NaN,0,2012-11-29 18:20:00
201010189895377,INCIDENTE,COM TREM DE POUSO,MANAUS,AM,NaN,AVIÃO,TURBOÉLICE,2.0,BRASIL,TÁXI AÉREO,CORRIDA APÓS POUSO,TÁXI AÉREO,NaN,0,2010-10-18 21:45:00
201309067980368,INCIDENTE,ESTOURO DE PNEU,MANAUS,AM,SBEG,AVIÃO,TURBOÉLICE,2.0,BRASIL,TÁXI AÉREO,TÁXI,TÁXI AÉREO,NaN,0,2013-09-06 03:06:00
201604212256164,ACIDENTE,PERDA DE CONTROLE NO SOLO,MANAUS,AM,SWFN,AVIÃO,PISTÃO,1.0,BRASIL,INSTRUÇÃO,CORRIDA APÓS POUSO,VOO DE INSTRUÇÃO,NaN,4,2016-04-21 20:00:00
201408017621137,INCIDENTE,OUTROS,MANAUS,AM,NaN,AVIÃO,PISTÃO,1.0,BRASIL,PARTICULAR,CRUZEIRO,VOO PRIVADO,NaN,0,2014-08-01 14:48:00
201305021929609,INCIDENTE,TRÁFEGO AÉREO,MANAUS,AM,SBEG,AVIÃO,JATO,2.0,BRASIL,REGULAR,SUBIDA,VOO REGULAR,NaN,0,2013-05-02 15:46:00
201301272467808,INCIDENTE,FALHA DO MOTOR EM VOO,MANAUS,AM,NaN,AVIÃO,TURBOÉLICE,2.0,BRASIL,REGULAR,CRUZEIRO,VOO REGULAR,NaN,0,2013-01-27 16:27:00
201411241980315,INCIDENTE,COM PARA-BRISAS / JANELA / PORTA,MANAUS,AM,NaN,AVIÃO,TURBOÉLICE,2.0,BRASIL,REGULAR,CRUZEIRO,VOO REGULAR,NaN,0,2014-11-24 11:05:00
201112305115570,INCIDENTE,POUSO BRUSCO,MANAUS,AM,NaN,HELICÓPTERO,TURBOEIXO,1.0,BRASIL,ADMINISTRAÇÃO DIRETA,POUSO,OPERAÇÃO POLICIAL,NaN,0,2011-12-30 14:00:00
200812079769759,ACIDENTE,PERDA DE CONTROLE EM VOO,MANAUS,AM,NaN,AVIÃO,PISTÃO,1.0,BRASIL,PARTICULAR,SUBIDA,VOO PRIVADO,1.0,6,2008-12-07 11:15:00
201105117579990,INCIDENTE,OUTROS,MANAUS,AM,NaN,AVIÃO,TURBOÉLICE,2.0,BRASIL,REGULAR,SUBIDA,VOO REGULAR,NaN,0,2011-05-11 09:30:00
201107156302860,INCIDENTE,PERDA DE COMPONENTE EM VOO,MANAUS,AM,SBEG,AVIÃO,JATO,2.0,BRASIL,REGULAR,OUTRA FASE,VOO REGULAR,NaN,0,2011-07-15 15:51:00
201511178210948,INCIDENTE GRAVE,COM TREM DE POUSO,MANAUS,AM,SWFN,AVIÃO,PISTÃO,2.0,BRASIL,TÁXI AÉREO,CORRIDA APÓS POUSO,TÁXI AÉREO,NaN,0,2015-11-17 17:55:00
200906235605853,INCIDENTE,COLISÃO COM AERONAVE NO SOLO,MANAUS,AM,NaN,AVIÃO,TURBOÉLICE,2.0,BRASIL,REGULAR,ESTACIONAMENTO,VOO REGULAR,NaN,0,2009-06-23 13:23:00
201006152787298,INCIDENTE,ESTOURO DE PNEU,MANAUS,AM,SBEG,AVIÃO,PISTÃO,2.0,BRASIL,TÁXI AÉREO,TÁXI,TÁXI AÉREO,NaN,0,2010-06-15 15:20:00
201402129207776,INCIDENTE,OUTROS,MANAUS,AM,SBEG,AVIÃO,TURBOÉLICE,2.0,BRASIL,REGULAR,SUBIDA,VOO REGULAR,NaN,0,2014-02-12 10:55:00
201104212934748,ACIDENTE,PERDA DE CONTROLE EM VOO,MANAUS,AM,SBEG,AVIÃO,PISTÃO,2.0,BRASIL,PARTICULAR,DECOLAGEM,VOO PRIVADO,7.0,9,2011-04-21 18:51:00
201106253358403,INCIDENTE,OUTROS,MANAUS,AM,SBEG,AVIÃO,TURBOÉLICE,2.0,BRASIL,TÁXI AÉREO,SUBIDA,TÁXI AÉREO,NaN,0,2011-06-25 18:42:00
201303166079318,INCIDENTE,OUTROS,MANAUS,AM,SBEG,AVIÃO,TURBOÉLICE,2.0,BRASIL,REGULAR,APROXIMAÇÃO FINAL,VOO REGULAR,NaN,0,2013-03-16 11:36:00
201301249165221,ACIDENTE,PERDA DE CONTROLE EM VOO,MANAUS,AM,SWFN,AVIÃO,PISTÃO,2.0,BRASIL,TÁXI AÉREO,ARREMETIDA NO AR,TÁXI AÉREO,NaN,1,2013-01-24 20:15:00
201009242818417,INCIDENTE,COM TREM DE POUSO,MANAUS,AM,NaN,AVIÃO,TURBOÉLICE,2.0,BRASIL,REGULAR,SUBIDA,VOO REGULAR,NaN,0,2010-09-24 10:40:00
201307136157638,INCIDENTE,ESTOURO DE PNEU,MANAUS,AM,SBEG,AVIÃO,PISTÃO,2.0,BRASIL,PARTICULAR,OPERAÇÃO DE SOLO,VOO PRIVADO,NaN,0,2013-07-13 20:00:00
201612080047033,ACIDENTE,FALHA DO MOTOR EM VOO,MANAUS,AM,NaN,AVIÃO,PISTÃO,1.0,BRASIL,PARTICULAR,DECOLAGEM,VOO PRIVADO,6.0,0,2016-12-07 11:50:00
201705291737328,INCIDENTE,ESTOURO DE PNEU,MANAUS,AM,SWFN,AVIÃO,PISTÃO,2.0,BRASIL,PARTICULAR,CORRIDA APÓS POUSO,VOO PRIVADO,NaN,0,2017-05-24 20:49:00
200808101826721,INCIDENTE,FALHA OU MAU FUNCIONAMENTO DE SISTEMA / COMPONENTE ,MANAUS,AM,SBEG,AVIÃO,TURBOÉLICE,2.0,BRASIL,REGULAR,OPERAÇÃO DE SOLO,VOO REGULAR,NaN,0,2008-08-10 18:30:00
200803191140688,INCIDENTE,OUTROS,MANAUS,AM,NaN,AVIÃO,PISTÃO,1.0,BRASIL,PARTICULAR,DECOLAGEM,VOO PRIVADO,NaN,0,2008-03-19 13:30:00
201208109111716,INCIDENTE GRAVE,PERDA DE CONTROLE NO SOLO,MANAUS,AM,SWFN,AVIÃO,PISTÃO,2.0,BRASIL,TÁXI AÉREO,DECOLAGEM,TÁXI AÉREO,NaN,3,2012-08-10 12:20:00
201308147087362,INCIDENTE,COM TREM DE POUSO,MANAUS,AM,SBEG,AVIÃO,PISTÃO,2.0,BRASIL,PARTICULAR,TÁXI,VOO PRIVADO,NaN,0,2013-08-14 09:25:00
201507238127722,ACIDENTE,PERDA DE CONTROLE EM VOO,MANAUS,AM,SBEG,ANFÍBIO,TURBOÉLICE,1.0,BRASIL,PARTICULAR,DECOLAGEM,VOO PRIVADO,NaN,3,2015-07-23 19:59:00
200810061089669,INCIDENTE,ESTOURO DE PNEU,MANAUS,AM,SBEG,AVIÃO,PISTÃO,2.0,BRASIL,TÁXI AÉREO,TÁXI,TÁXI AÉREO,NaN,0,2008-10-06 23:17:00
201803051758245,INCIDENTE,COM TREM DE POUSO,MANAUS,AM,SBEG,AVIÃO,TURBOÉLICE,2.0,BRASIL,TÁXI AÉREO,CORRIDA APÓS POUSO,TÁXI AÉREO,NaN,0,2018-02-24 21:05:00
201604221803007,INCIDENTE,POUSO SEM TREM,MANAUS,AM,SBEG,ANFÍBIO,TURBOÉLICE,1.0,BRASIL,PARTICULAR,POUSO,VOO PRIVADO,NaN,0,2016-04-22 15:57:00
201502216293412,INCIDENTE,DESCOMPRESSÃO NÃO INTENCIONAL / EXPLOSIVA,MANAUS,AM,SBEG,AVIÃO,JATO,2.0,BRASIL,REGULAR,SUBIDA,VOO REGULAR,NaN,0,2015-02-21 02:14:00
201406194517980,INCIDENTE GRAVE,POUSO LONGO,MANAUS,AM,SWFN,AVIÃO,PISTÃO,2.0,BRASIL,TÁXI AÉREO,CORRIDA APÓS POUSO,TÁXI AÉREO,NaN,6,2014-06-19 14:02:00
201003203348591,INCIDENTE,ESTOURO DE PNEU,MANAUS,AM,SBEG,AVIÃO,JATO,3.0,BRASIL,REGULAR,CORRIDA APÓS POUSO,VOO REGULAR,NaN,0,2010-03-20 11:00:00
201204153395326,INCIDENTE,PROBLEMAS FISIOLÓGICOS,MANAUS,AM,SBEG,AVIÃO,JATO,2.0,BRASIL,REGULAR,TÁXI,VOO REGULAR,NaN,0,2012-04-15 06:15:00
201405216363654,INCIDENTE,ESTOURO DE PNEU,MANAUS,AM,SBEG,AVIÃO,PISTÃO,1.0,BRASIL,EXPERIMENTAL,TÁXI,VOO EXPERIMENTAL,NaN,0,2014-05-21 15:20:00
201610191811217,INCIDENTE,FALHA DO MOTOR EM VOO,MANAUS,AM,SBEG,AVIÃO,TURBOÉLICE,2.0,BRASIL,REGULAR,SUBIDA,VOO REGULAR,NaN,0,2016-10-14 13:30:00
201102021820724,INCIDENTE,PERDA DE CONTROLE NO SOLO,MANAUS,AM,SBEG,AVIÃO,PISTÃO,2.0,BRASIL,PARTICULAR,POUSO,VOO PRIVADO,NaN,0,2011-02-02 21:26:00
201202282245784,ACIDENTE,COM COMANDOS DE VOO,MANAUS,AM,NaN,AVIÃO,TURBOÉLICE,1.0,BRASIL,TÁXI AÉREO,DECOLAGEM,TÁXI AÉREO,1.0,10,2012-02-28 10:15:00
201005133510067,ACIDENTE,FALHA DO MOTOR EM VOO,MANAUS,AM,NaN,AVIÃO,PISTÃO,2.0,BRASIL,TÁXI AÉREO,SUBIDA,TÁXI AÉREO,6.0,10,2010-05-13 18:58:00
200806112708835,INCIDENTE,ESTOURO DE PNEU,MANAUS,AM,SIBO,AVIÃO,PISTÃO,0.0,BRASIL,NaN,POUSO,NaN,NaN,0,2008-06-11 12:50:00
200904307531609,ACIDENTE,FALHA DO MOTOR EM VOO,MANAUS,AM,SBEG,AVIÃO,PISTÃO,2.0,BRASIL,TÁXI AÉREO,SUBIDA,TÁXI AÉREO,NaN,2,2009-04-30 09:50:00
200901287877532,INCIDENTE,FALHA DO MOTOR EM VOO,MANAUS,AM,NaN,AVIÃO,JATO,2.0,BRASIL,REGULAR,CRUZEIRO,VOO REGULAR,NaN,0,2009-01-28 21:11:00
201107072722533,INCIDENTE,CAUSADO POR FENÔMENO METEOROLÓGICO EM VOO,MANAUS,AM,NaN,AVIÃO,JATO,2.0,BRASIL,REGULAR,APROXIMAÇÃO FINAL,VOO REGULAR,NaN,0,2011-07-07 08:29:00
201308189721191,INCIDENTE,ESTOURO DE PNEU,MANAUS,AM,SBEG,AVIÃO,TURBOÉLICE,2.0,BRASIL,TÁXI AÉREO,CORRIDA APÓS POUSO,TÁXI AÉREO,NaN,0,2013-08-18 19:25:00
201208084703432,INCIDENTE,VAZAMENTO DE OUTROS FLUIDOS,MANAUS,AM,SBEG,HELICÓPTERO,TURBOEIXO,2.0,BRASIL,PARTICULAR,TÁXI,VOO PRIVADO,NaN,0,2012-08-08 10:32:00
201406183429530,INCIDENTE,FALHA OU MAU FUNCIONAMENTO DE SISTEMA / COMPONENTE ,MANAUS,AM,SBEG,AVIÃO,JATO,2.0,BRASIL,REGULAR,APROXIMAÇÃO FINAL,VOO REGULAR,NaN,0,2014-06-18 05:36:00
200803142044791,INCIDENTE,COM PARA-BRISAS / JANELA / PORTA,MANAUS,AM,SBEG,AVIÃO,PISTÃO,2.0,BRASIL,PARTICULAR,DESCIDA,VOO PRIVADO,NaN,0,2008-03-14 00:00:00
201011107797754,INCIDENTE,ESTOURO DE PNEU,MANAUS,AM,NaN,AVIÃO,JATO,2.0,BRASIL,REGULAR,DECOLAGEM,VOO REGULAR,NaN,0,2010-11-10 03:00:00
201012051892747,INCIDENTE,COLISÃO COM OBSTÁCULOS NO SOLO,MANAUS,AM,NaN,AVIÃO,PISTÃO,2.0,BRASIL,TÁXI AÉREO,TÁXI,TÁXI AÉREO,NaN,0,2010-12-05 14:55:00
200803143556647,INCIDENTE,COM PARA-BRISAS / JANELA / PORTA,MANAUS,AM,SBEG,AVIÃO,TURBOÉLICE,2.0,BRASIL,TÁXI AÉREO,INDETERMINADA,TÁXI AÉREO,NaN,0,2008-03-14 09:45:00
201305124209828,INCIDENTE,ESTOURO DE PNEU,MANAUS,AM,SBEG,AVIÃO,TURBOÉLICE,1.0,BRASIL,TÁXI AÉREO,CORRIDA APÓS POUSO,TÁXI AÉREO,NaN,0,2013-05-12 23:04:00
200912287415562,INCIDENTE,VAZAMENTO DE OUTROS FLUIDOS,MANAUS,AM,SBEG,AVIÃO,TURBOÉLICE,2.0,BRASIL,TÁXI AÉREO,CRUZEIRO,TÁXI AÉREO,NaN,0,2009-12-28 18:00:00
200912173927871,ACIDENTE,CAUSADO POR FENÔMENO METEOROLÓGICO EM VOO,MANAUS,AM,SBEG,AVIÃO,JATO,3.0,BRASIL,REGULAR,APROXIMAÇÃO FINAL,VOO REGULAR,NaN,0,2009-12-17 14:49:00
201407054303454,INCIDENTE,TRÁFEGO AÉREO,MANAUS,AM,NaN,AVIÃO,TURBOÉLICE,2.0,BRASIL,REGULAR,SUBIDA,VOO REGULAR,NaN,0,2014-07-05 13:57:00
201005016268366,INCIDENTE,ESTOURO DE PNEU,MANAUS,AM,SBEG,AVIÃO,PISTÃO,1.0,BRASIL,TÁXI AÉREO,TÁXI,TÁXI AÉREO,NaN,0,2010-05-01 16:15:00
201310027016950,INCIDENTE,FALHA OU MAU FUNCIONAMENTO DE SISTEMA / COMPONENTE ,MANAUS,AM,SBEG,AVIÃO,TURBOÉLICE,2.0,BRASIL,REGULAR,SUBIDA,VOO REGULAR,NaN,0,2013-10-02 21:20:00
201302029093159,ACIDENTE,PERDA DE CONTROLE NO SOLO,MANAUS,AM,SWFN,AVIÃO,NaN,1.0,BRASIL,PARTICULAR,POUSO,VOO PRIVADO,NaN,1,2013-02-02 19:30:00
200912255429959,ACIDENTE,OUTROS,MANAUS,AM,SBEG,AVIÃO,PISTÃO,0.0,BRASIL,NaN,ESTACIONAMENTO,NaN,NaN,0,2009-12-25 23:25:00
200906239175856,INCIDENTE,COLISÃO COM AERONAVE NO SOLO,MANAUS,AM,SBEG,AVIÃO,TURBOÉLICE,2.0,BRASIL,REGULAR,ESTACIONAMENTO,VOO REGULAR,NaN,0,2009-06-23 13:43:00
201107056947781,INCIDENTE,FALHA DO MOTOR EM VOO,MANAUS,AM,NaN,AVIÃO,TURBOÉLICE,2.0,BRASIL,TÁXI AÉREO,DESCIDA,TÁXI AÉREO,NaN,0,2011-07-05 16:00:00
201202203483639,INCIDENTE,FALHA OU MAU FUNCIONAMENTO DE SISTEMA / COMPONENTE ,MANAUS,AM,SWFN,AVIÃO,TURBOÉLICE,1.0,BRASIL,TÁXI AÉREO,TÁXI,TÁXI AÉREO,NaN,0,2012-02-20 09:10:00
201307163155036,ACIDENTE,PERDA DE CONTROLE NO SOLO,MANAUS,AM,SBEG,AVIÃO,PISTÃO,2.0,BRASIL,PARTICULAR,DECOLAGEM,VOO PRIVADO,6.0,11,2013-07-16 09:22:00
201510032318155,INCIDENTE,ESTOURO DE PNEU,MANAUS,AM,SWFN,AVIÃO,TURBOÉLICE,1.0,BRASIL,TÁXI AÉREO,CORRIDA APÓS POUSO,TÁXI AÉREO,NaN,0,2015-10-03 16:02:00
201803011829435,ACIDENTE,PERDA DE CONTROLE EM VOO,MANAUS,AM,NaN,AVIÃO,PISTÃO,1.0,BRASIL,PARTICULAR,APROXIMAÇÃO FINAL,VOO PRIVADO,4.0,0,2018-02-22 13:30:00
201203264309222,ACIDENTE,COM TREM DE POUSO,MANAUS,AM,SBEG,AVIÃO,PISTÃO,2.0,BRASIL,PARTICULAR,CORRIDA APÓS POUSO,VOO PRIVADO,NaN,2,2012-03-26 20:30:00
200809053434907,INCIDENTE GRAVE,OUTROS,MANAUS,AM,NaN,AVIÃO,PISTÃO,1.0,BRASIL,PARTICULAR,DECOLAGEM,VOO PRIVADO,NaN,7,2008-09-05 15:30:00
201003071588637,INCIDENTE GRAVE,ESTOURO DE PNEU,MANAUS,AM,SBEG,AVIÃO,JATO,2.0,BRASIL,TÁXI AÉREO,DECOLAGEM,TÁXI AÉREO,NaN,4,2010-03-07 19:35:00
200904077474950,INCIDENTE,FALHA OU MAU FUNCIONAMENTO DE SISTEMA / COMPONENTE ,MANAUS,AM,NaN,AVIÃO,JATO,2.0,BRASIL,REGULAR,DECOLAGEM,VOO REGULAR,NaN,0,2009-04-07 08:50:00
200805092652289,INCIDENTE,COLISÃO DE VEÍCULO COM AERONAVE,MANAUS,AM,SBEG,AVIÃO,TURBOÉLICE,2.0,BRASIL,REGULAR,OUTRA FASE,VOO REGULAR,NaN,0,2008-05-09 08:40:00
201302259331285,INCIDENTE,ESTOURO DE PNEU,MANAUS,AM,SBEG,AVIÃO,PISTÃO,2.0,BRASIL,PARTICULAR,CORRIDA APÓS POUSO,VOO PRIVADO,NaN,0,2013-02-25 22:13:00
201410288640268,INCIDENTE GRAVE,PERDA DE CONTROLE NO SOLO,MANAUS,AM,SWFN,AVIÃO,PISTÃO,2.0,BRASIL,PARTICULAR,POUSO,VOO PRIVADO,NaN,1,2014-10-28 13:45:00
201104131830344,INCIDENTE,COM TREM DE POUSO,MANAUS,AM,SBEG,AVIÃO,TURBOÉLICE,2.0,BRASIL,TÁXI AÉREO,PARTIDA DO MOTOR,TÁXI AÉREO,NaN,0,2011-04-13 12:05:00
200810103696386,ACIDENTE,PERDA DE CONTROLE EM VOO,MANAUS,AM,SWFN,AVIÃO,PISTÃO,2.0,BRASIL,PARTICULAR,DECOLAGEM,VOO PRIVADO,NaN,4,2008-10-10 14:50:00
201409016265346,INCIDENTE GRAVE,ESTOURO DE PNEU,MANAUS,AM,SBEG,AVIÃO,TURBOÉLICE,2.0,BRASIL,PARTICULAR,CORRIDA APÓS POUSO,VOO PRIVADO,NaN,2,2014-09-01 12:57:00
201506015359220,INCIDENTE,CAUSADO POR FENÔMENO METEOROLÓGICO EM VOO,MANAUS,AM,NaN,AVIÃO,NaN,NaN,BRASIL,REGULAR,CRUZEIRO,VOO REGULAR,NaN,0,2015-06-01 03:45:00
201708232112169,ACIDENTE,PERDA DE CONTROLE NO SOLO,MANAUS,AM,SWFN,AVIÃO,PISTÃO,1.0,BRASIL,PARTICULAR,CORRIDA APÓS POUSO,VOO PRIVADO,NaN,0,2017-08-22 21:25:00
201011257599057,INCIDENTE,FALHA OU MAU FUNCIONAMENTO DE SISTEMA / COMPONENTE ,MANAUS,AM,SBEG,ANFÍBIO,TURBOÉLICE,1.0,BRASIL,TÁXI AÉREO,TÁXI,TÁXI AÉREO,NaN,0,2010-11-25 13:20:00
201306213753658,INCIDENTE,INDETERMINADO,MANAUS,AM,SBEG,AVIÃO,PISTÃO,2.0,BRASIL,TÁXI AÉREO,APROXIMAÇÃO FINAL,TÁXI AÉREO,NaN,0,2013-06-21 22:31:00
201507046594978,INCIDENTE,FALHA OU MAU FUNCIONAMENTO DE SISTEMA / COMPONENTE ,MANAUS,AM,SBEG,AVIÃO,NaN,NaN,BRASIL,REGULAR,CRUZEIRO,VOO REGULAR,NaN,0,2015-07-04 20:02:00
200901081355803,INCIDENTE,FALHA OU MAU FUNCIONAMENTO DE SISTEMA / COMPONENTE ,MANAUS,AM,SBEG,AVIÃO,PISTÃO,2.0,BRASIL,TÁXI AÉREO,POUSO,TÁXI AÉREO,NaN,0,2009-01-08 20:00:00
201412206588734,INCIDENTE,ESTOURO DE PNEU,MANAUS,AM,SBEG,AVIÃO,PISTÃO,2.0,BRASIL,TÁXI AÉREO,TÁXI,TÁXI AÉREO,NaN,0,2014-12-20 18:20:00
201401026961015,INCIDENTE,POUSO BRUSCO,MANAUS,AM,SWFN,ULTRALEVE,PISTÃO,1.0,BRASIL,EXPERIMENTAL,POUSO,VOO EXPERIMENTAL,NaN,0,2014-01-02 12:30:00
200910148059450,INCIDENTE,FALHA OU MAU FUNCIONAMENTO DE SISTEMA / COMPONENTE ,MANAUS,AM,SBEG,AVIÃO,TURBOÉLICE,2.0,BRASIL,REGULAR,SUBIDA,VOO REGULAR,NaN,0,2009-10-14 10:51:00
200911058199100,INCIDENTE,FALHA DO MOTOR EM VOO,MANAUS,AM,NaN,AVIÃO,JATO,2.0,BRASIL,REGULAR,APROXIMAÇÃO FINAL,VOO REGULAR,NaN,0,2009-11-05 13:35:00
201109101566503,ACIDENTE,PERDA DE CONTROLE NO SOLO,MANAUS,AM,SWFN,ULTRALEVE,PISTÃO,1.0,BRASIL,EXPERIMENTAL,POUSO,VOO EXPERIMENTAL,NaN,0,2011-09-10 13:20:00
201312065313908,INCIDENTE,ESTOURO DE PNEU,MANAUS,AM,SBEG,AVIÃO,PISTÃO,1.0,BRASIL,PARTICULAR,TÁXI,VOO PRIVADO,NaN,0,2013-12-06 21:52:00
201502107833268,INCIDENTE,FALHA DO MOTOR EM VOO,MANAUS,AM,SBEG,AVIÃO,TURBOÉLICE,2.0,BRASIL,PARTICULAR,SUBIDA,VOO PRIVADO,NaN,0,2015-02-10 13:05:00
200803193807740,INCIDENTE,OUTROS,MANAUS,AM,SBEG,AVIÃO,PISTÃO,2.0,BRASIL,PARTICULAR,DESCIDA,VOO PRIVADO,NaN,0,2008-03-19 00:00:00
201608221842453,INCIDENTE GRAVE,COLISÃO COM OBSTÁCULO DURANTE A DECOLAGEM E POUSO,MANAUS,AM,SWFN,AVIÃO,PISTÃO,1.0,BRASIL,TÁXI AÉREO,DECOLAGEM,TÁXI AÉREO,NaN,2,2016-08-21 13:00:00
200810174462923,INCIDENTE,FALHA DO MOTOR EM VOO,MANAUS,AM,SBEG,AVIÃO,TURBOÉLICE,2.0,BRASIL,REGULAR,SUBIDA,VOO REGULAR,NaN,0,2008-10-17 11:38:00
201112105075499,INCIDENTE,VAZAMENTO DE COMBUSTÍVEL,MANAUS,AM,SBEG,AVIÃO,PISTÃO,2.0,BRASIL,PARTICULAR,CRUZEIRO,VOO PRIVADO,NaN,0,2011-12-10 11:20:00
201102183977891,INCIDENTE,OUTROS,MANAUS,AM,SBEG,AVIÃO,JATO,2.0,BRASIL,TÁXI AÉREO,TÁXI,TÁXI AÉREO,NaN,0,2011-02-18 15:50:00
201005157838739,INCIDENTE,FALHA DO MOTOR NO SOLO,MANICORÉ,AM,NaN,AVIÃO,TURBOÉLICE,2.0,BRASIL,TÁXI AÉREO,DECOLAGEM,TÁXI AÉREO,NaN,0,2010-05-15 12:00:00
201302019188596,INCIDENTE,ESTOURO DE PNEU,MANICORÉ,AM,SBMY,ULTRALEVE,PISTÃO,1.0,BRASIL,EXPERIMENTAL,TÁXI,VOO EXPERIMENTAL,NaN,0,2013-02-01 19:15:00
201005059156583,INCIDENTE,FALHA OU MAU FUNCIONAMENTO DE SISTEMA / COMPONENTE ,MANICORÉ,AM,NaN,ULTRALEVE,PISTÃO,1.0,BRASIL,EXPERIMENTAL,DECOLAGEM,VOO EXPERIMENTAL,NaN,0,2010-05-05 09:32:00
201303124379191,INCIDENTE,ESTOURO DE PNEU,MANICORÉ,AM,SBMY,AVIÃO,TURBOÉLICE,2.0,BRASIL,TÁXI AÉREO,TÁXI,TÁXI AÉREO,NaN,0,2013-03-12 10:16:00
201102216711410,INCIDENTE,VAZAMENTO DE OUTROS FLUIDOS,MANICORÉ,AM,NaN,AVIÃO,TURBOÉLICE,2.0,BRASIL,TÁXI AÉREO,CRUZEIRO,TÁXI AÉREO,NaN,0,2011-02-21 20:30:00
201307037304155,INCIDENTE,COLISÃO COM OBSTÁCULO DURANTE A DECOLAGEM E POUSO,MANICORÉ,AM,SBMY,AVIÃO,PISTÃO,2.0,BRASIL,PARTICULAR,RETA FINAL,VOO PRIVADO,NaN,0,2013-07-03 14:51:00
201403113425077,ACIDENTE,OUTROS,CONCEIÇÃO DO ARAGUAIA,PA,NaN,AVIÃO,PISTÃO,1.0,BRASIL,PARTICULAR,ESPECIALIZADA,OPERAÇÃO AGRÍCOLA,1.0,0,2014-03-11 18:30:00
201408302736009,ACIDENTE,INDETERMINADO,CUMARU DO NORTE,PA,NaN,AVIÃO,PISTÃO,1.0,BRASIL,PARTICULAR,DECOLAGEM,VOO PRIVADO,NaN,0,2014-08-30 13:10:00
201107222159654,ACIDENTE,PERDA DE CONTROLE NO SOLO,CURIONÓPOLIS,PA,NaN,AVIÃO,PISTÃO,2.0,BRASIL,PARTICULAR,DECOLAGEM,VOO PRIVADO,NaN,0,2011-07-22 18:30:00
201503166080858,INCIDENTE GRAVE,PERDA DE CONTROLE NO SOLO,MAUÉS,AM,SWMW,AVIÃO,TURBOÉLICE,1.0,BRASIL,TÁXI AÉREO,CORRIDA APÓS POUSO,TÁXI AÉREO,NaN,0,2015-03-16 18:07:00
201109286292201,ACIDENTE,INDETERMINADO,MAUÉS,AM,NaN,AVIÃO,PISTÃO,1.0,BRASIL,PARTICULAR,DECOLAGEM,VOO PRIVADO,1.0,0,2011-09-28 03:00:00
200909097156410,INCIDENTE GRAVE,FALHA DO MOTOR EM VOO,MAUÉS,AM,SWMW,AVIÃO,PISTÃO,2.0,BRASIL,TÁXI AÉREO,DECOLAGEM,TÁXI AÉREO,NaN,4,2009-09-09 11:50:00
200901022262333,INCIDENTE GRAVE,COM TREM DE POUSO,MAUÉS,AM,NaN,AVIÃO,PISTÃO,2.0,BRASIL,TÁXI AÉREO,DECOLAGEM,TÁXI AÉREO,NaN,0,2009-01-02 10:50:00
200803057059098,ACIDENTE,PERDA DE CONTROLE NO SOLO,ELDORADO DOS CARAJÁS,PA,NaN,AVIÃO,PISTÃO,1.0,BRASIL,PARTICULAR,CORRIDA APÓS POUSO,VOO PRIVADO,NaN,4,2008-03-05 16:00:00
200911042920715,ACIDENTE,PERDA DE CONTROLE EM VOO,ELDORADO DOS CARAJÁS,PA,NaN,AVIÃO,PISTÃO,1.0,BRASIL,PARTICULAR,DECOLAGEM,VOO PRIVADO,NaN,5,2009-11-04 17:30:00
201705121807078,ACIDENTE,FALHA DO MOTOR EM VOO,GOIANÉSIA DO PARÁ,PA,NaN,AVIÃO,PISTÃO,1.0,BRASIL,TÁXI AÉREO,POUSO,TÁXI AÉREO,NaN,0,2017-05-10 17:00:00
201212222017491,ACIDENTE,PERDA DE CONTROLE NO SOLO,GURUPÁ,PA,SNGU,AVIÃO,PISTÃO,1.0,BRASIL,PARTICULAR,PARTIDA DO MOTOR,VOO PRIVADO,NaN,0,2012-12-22 19:00:00
201001121584663,ACIDENTE,COLISÃO COM OBSTÁCULO DURANTE A DECOLAGEM E POUSO,GURUPÁ,PA,NaN,AVIÃO,PISTÃO,1.0,BRASIL,TÁXI AÉREO,POUSO,TÁXI AÉREO,NaN,2,2010-01-12 14:30:00
201805020045065,ACIDENTE,FALHA DO MOTOR EM VOO,NOVA OLINDA DO NORTE,AM,NaN,HIDROAVIÃO,PISTÃO,1.0,BRASIL,EXPERIMENTAL,ARREMETIDA NO AR,VOO PRIVADO,NaN,0,2018-04-30 11:00:00
200807171312725,INCIDENTE,COM TREM DE POUSO,NOVA OLINDA DO NORTE,AM,SWNO,AVIÃO,PISTÃO,2.0,BRASIL,TÁXI AÉREO,CORRIDA APÓS POUSO,TÁXI AÉREO,NaN,0,2008-07-17 14:10:00
201109022443537,INCIDENTE,COM TREM DE POUSO,NOVA OLINDA DO NORTE,AM,SWNO,AVIÃO,PISTÃO,2.0,BRASIL,TÁXI AÉREO,POUSO,TÁXI AÉREO,NaN,0,2011-09-02 18:30:00
201710171924479,ACIDENTE,OUTROS,NOVO AIRÃO,AM,NaN,ANFÍBIO,TURBOÉLICE,1.0,BRASIL,PARTICULAR,POUSO,VOO PRIVADO,1.0,0,2017-10-17 15:40:00
201407167784342,ACIDENTE,FALHA DO MOTOR EM VOO,NOVO AIRÃO,AM,NaN,AVIÃO,PISTÃO,1.0,BRASIL,PARTICULAR,CRUZEIRO,VOO PRIVADO,NaN,0,2014-07-16 15:15:00
201209245700240,INCIDENTE GRAVE,POUSO SEM TREM,NOVO ARIPUANÃ,AM,NaN,AVIÃO,PISTÃO,1.0,BRASIL,PARTICULAR,POUSO,VOO PRIVADO,NaN,1,2012-09-24 13:30:00
200902064396442,INCIDENTE,FALHA DO MOTOR EM VOO,IGARAPÉ-MIRI,PA,NaN,AVIÃO,PISTÃO,1.0,BRASIL,TÁXI AÉREO,CRUZEIRO,TÁXI AÉREO,NaN,0,2009-02-06 11:50:00
201309102769496,INCIDENTE,FALHA OU MAU FUNCIONAMENTO DE SISTEMA / COMPONENTE ,PARINTINS,AM,SWPI,AVIÃO,TURBOÉLICE,2.0,BRASIL,REGULAR,DECOLAGEM,VOO REGULAR,NaN,0,2013-09-10 22:30:00
201406249831978,INCIDENTE,F.O.D.,PARINTINS,AM,SWPI,AVIÃO,TURBOÉLICE,2.0,BRASIL,REGULAR,CORRIDA APÓS POUSO,VOO REGULAR,NaN,0,2014-06-24 02:50:00
201101277880363,INCIDENTE GRAVE,COLISÃO COM OBSTÁCULOS NO SOLO,PAUINI,AM,SWUI,AVIÃO,PISTÃO,2.0,BRASIL,PARTICULAR,CORRIDA APÓS POUSO,VOO PRIVADO,NaN,3,2011-01-27 21:30:00
201509305148298,ACIDENTE,FALHA DO MOTOR EM VOO,PAUINI,AM,NaN,AVIÃO,PISTÃO,1.0,BRASIL,TÁXI AÉREO,CRUZEIRO,TÁXI AÉREO,NaN,0,2015-09-30 14:30:00
201208228891298,ACIDENTE,COLISÃO COM OBSTÁCULOS NO SOLO,PAUINI,AM,SWUI,AVIÃO,PISTÃO,1.0,BRASIL,TÁXI AÉREO,POUSO,TÁXI AÉREO,1.0,3,2012-08-22 18:51:00
201205168465181,INCIDENTE GRAVE,COM HÉLICE,PRESIDENTE FIGUEIREDO,AM,NaN,AVIÃO,PISTÃO,2.0,BRASIL,PARTICULAR,CRUZEIRO,VOO PRIVADO,NaN,1,2012-05-16 19:30:00
201803011735367,ACIDENTE,EXCURSÃO DE PISTA,ITAITUBA,PA,SNMD,AVIÃO,PISTÃO,1.0,BRASIL,PARTICULAR,DECOLAGEM,VOO PRIVADO,NaN,0,2018-01-23 21:00:00
201406075789413,ACIDENTE,FOGO NO SOLO,ITAITUBA,PA,NaN,AVIÃO,PISTÃO,1.0,BRASIL,PARTICULAR,DECOLAGEM,VOO PRIVADO,NaN,0,2014-06-07 13:00:00
201710232319398,ACIDENTE,PERDA DE CONTROLE EM VOO,ITAITUBA,PA,SBIH,AVIÃO,PISTÃO,1.0,BRASIL,PARTICULAR,MANOBRA,VOO PRIVADO,5.0,0,2017-10-22 21:05:00
201009151256020,ACIDENTE,FALHA DO MOTOR EM VOO,ITAITUBA,PA,NaN,AVIÃO,PISTÃO,1.0,BRASIL,TÁXI AÉREO,CRUZEIRO,TÁXI AÉREO,NaN,2,2010-09-15 18:10:00
201702072159364,ACIDENTE,COM TREM DE POUSO,ITAITUBA,PA,SNMD,AVIÃO,PISTÃO,1.0,BRASIL,PARTICULAR,POUSO,VOO PRIVADO,NaN,0,2017-02-05 00:00:00
201109269529885,ACIDENTE,FALHA OU MAU FUNCIONAMENTO DE SISTEMA / COMPONENTE ,ITAITUBA,PA,NaN,HELICÓPTERO,TURBOEIXO,1.0,BRASIL,ADMINISTRAÇÃO INDIRETA,DECOLAGEM,VOO PRIVADO,NaN,3,2011-09-26 18:03:00
200903309515167,ACIDENTE,FALHA OU MAU FUNCIONAMENTO DE SISTEMA / COMPONENTE ,ITAITUBA,PA,NaN,AVIÃO,PISTÃO,1.0,BRASIL,PARTICULAR,SUBIDA,VOO PRIVADO,NaN,0,2009-03-30 18:20:00
201704251654028,ACIDENTE,POUSO EM LOCAL NÃO PREVISTO,ITAITUBA,PA,NaN,AVIÃO,PISTÃO,1.0,BRASIL,PARTICULAR,POUSO,VOO PRIVADO,NaN,0,2017-04-21 18:00:00
201401125551400,ACIDENTE,OUTROS,ITAITUBA,PA,SNXR,AVIÃO,TURBOÉLICE,1.0,BRASIL,PARTICULAR,DECOLAGEM,VOO PRIVADO,NaN,4,2014-01-12 20:30:00
201711252128326,ACIDENTE,PANE SECA,ITAITUBA,PA,NaN,AVIÃO,PISTÃO,1.0,BRASIL,PARTICULAR,DESCIDA,VOO PRIVADO,NaN,0,2017-11-23 20:50:00
201404309437654,ACIDENTE,PERDA DE CONTROLE EM VOO,ITAITUBA,PA,NaN,AVIÃO,PISTÃO,1.0,BRASIL,PARTICULAR,ARREMETIDA NO AR,VOO PRIVADO,2.0,0,2014-04-30 22:15:00
201612100452057,ACIDENTE,POUSO SEM TREM,ITAITUBA,PA,SNYR,AVIÃO,PISTÃO,2.0,BRASIL,PARTICULAR,POUSO,VOO PRIVADO,NaN,0,2016-12-09 18:30:00
201507147569343,ACIDENTE,FALHA DO MOTOR EM VOO,ITAITUBA,PA,NaN,AVIÃO,NaN,NaN,BRASIL,PARTICULAR,CRUZEIRO,VOO PRIVADO,NaN,3,2015-07-14 19:30:00
201710140140538,ACIDENTE,PERDA DE CONTROLE EM VOO,ITAITUBA,PA,NaN,AVIÃO,PISTÃO,1.0,BRASIL,PARTICULAR,DECOLAGEM,VOO PRIVADO,1.0,0,2017-10-11 16:00:00
201310297142916,ACIDENTE,INDETERMINADO,ITAITUBA,PA,NaN,HELICÓPTERO,TURBOEIXO,1.0,BRASIL,TÁXI AÉREO,CRUZEIRO,TÁXI AÉREO,NaN,0,2013-10-29 12:25:00
200903167948242,INCIDENTE GRAVE,COLISÃO COM OBSTÁCULOS NO SOLO,ITAITUBA,PA,NaN,AVIÃO,PISTÃO,1.0,BRASIL,TÁXI AÉREO,CORRIDA APÓS POUSO,TÁXI AÉREO,NaN,3,2009-03-16 17:30:00
201802281324021,ACIDENTE,PERDA DE CONTROLE EM VOO,ITAITUBA,PA,NaN,AVIÃO,PISTÃO,1.0,BRASIL,PARTICULAR,DECOLAGEM,VOO PRIVADO,3.0,0,2018-02-07 15:30:00
201012134795957,INCIDENTE GRAVE,COLISÃO COM OBSTÁCULOS NO SOLO,ITAITUBA,PA,SBIH,ANFÍBIO,PISTÃO,1.0,BRASIL,PARTICULAR,CORRIDA APÓS POUSO,VOO PRIVADO,NaN,0,2010-12-13 19:25:00
200812117932759,ACIDENTE,VOO CONTROLADO CONTRA O TERRENO,ITUPIRANGA,PA,NaN,HELICÓPTERO,TURBOEIXO,1.0,BRASIL,ADMINISTRAÇÃO DIRETA,MANOBRA,OPERAÇÃO POLICIAL,NaN,13,2008-12-11 12:30:00
201803231952134,INCIDENTE GRAVE,POUSO EM LOCAL NÃO PREVISTO,JACAREACANGA,PA,SNKH,AVIÃO,PISTÃO,1.0,BRASIL,PARTICULAR,POUSO,VOO PRIVADO,NaN,0,2018-03-21 17:00:00
200910285879115,ACIDENTE,FALHA DO MOTOR EM VOO,JACAREACANGA,PA,SBEK,AVIÃO,PISTÃO,1.0,BRASIL,PARTICULAR,CIRCUITO DE TRÁFEGO,VOO PRIVADO,NaN,2,2009-10-28 11:32:00
201403183887604,ACIDENTE,FALHA DO MOTOR EM VOO,JACAREACANGA,PA,NaN,AVIÃO,PISTÃO,2.0,BRASIL,TÁXI AÉREO,DESCIDA,TÁXI AÉREO,5.0,11,2014-03-18 15:50:00
201104207199132,INCIDENTE GRAVE,ESTOURO DE PNEU,JACAREACANGA,PA,NaN,AVIÃO,PISTÃO,2.0,BRASIL,TÁXI AÉREO,DECOLAGEM,TÁXI AÉREO,NaN,0,2011-04-20 10:00:00
201509226265871,ACIDENTE,POUSO SEM TREM,JACAREACANGA,PA,SBEK,AVIÃO,PISTÃO,1.0,BRASIL,PARTICULAR,POUSO,VOO PRIVADO,NaN,0,2015-09-22 22:15:00
200910076696853,INCIDENTE GRAVE,COM TREM DE POUSO,SÃO GABRIEL DA CACHOEIRA,AM,SWQE,AVIÃO,PISTÃO,2.0,BRASIL,TÁXI AÉREO,POUSO,TÁXI AÉREO,NaN,4,2009-10-07 20:05:00
201412159287090,INCIDENTE,ESTOURO DE PNEU,SÃO GABRIEL DA CACHOEIRA,AM,SBUA,AVIÃO,TURBOÉLICE,1.0,BRASIL,TÁXI AÉREO,CORRIDA APÓS POUSO,TÁXI AÉREO,NaN,0,2014-12-15 14:16:00
201201284013238,ACIDENTE,COLISÃO COM OBSTÁCULO DURANTE A DECOLAGEM E POUSO,CAMPOS LINDOS,TO,NaN,AVIÃO,PISTÃO,2.0,BRASIL,PARTICULAR,POUSO,VOO PRIVADO,NaN,4,2012-01-28 18:35:00
201310115628244,INCIDENTE,ESTOURO DE PNEU,TABATINGA,AM,SBTT,AVIÃO,PISTÃO,2.0,BRASIL,PARTICULAR,DECOLAGEM,VOO PRIVADO,NaN,0,2013-10-11 14:30:00
201406081158856,INCIDENTE,ESTOURO DE PNEU,TABATINGA,AM,SBTT,AVIÃO,PISTÃO,2.0,BRASIL,TÁXI AÉREO,POUSO,TÁXI AÉREO,NaN,0,2014-06-08 17:34:00
201108076414813,INCIDENTE,TRÁFEGO AÉREO,TABATINGA,AM,NaN,AVIÃO,TURBOÉLICE,2.0,BRASIL,REGULAR,DESCIDA,VOO REGULAR,NaN,0,2011-08-07 00:20:00
201612270627072,ACIDENTE,INDETERMINADO,TABATINGA,AM,NaN,AVIÃO,PISTÃO,2.0,BRASIL,TÁXI AÉREO,APROXIMAÇÃO FINAL,TÁXI AÉREO,3.0,0,2016-12-23 18:30:00
201503114351924,ACIDENTE,COLISÃO COM OBSTÁCULO DURANTE A DECOLAGEM E POUSO,TABATINGA,AM,SBTT,AVIÃO,PISTÃO,1.0,BRASIL,PARTICULAR,CIRCUITO DE TRÁFEGO,VOO PRIVADO,NaN,5,2015-03-11 23:25:00
201711221258422,INCIDENTE,FALHA DO MOTOR EM VOO,TABATINGA,AM,SBTT,AVIÃO,PISTÃO,2.0,BRASIL,TÁXI AÉREO,CRUZEIRO,TÁXI AÉREO,NaN,0,2017-11-21 19:30:00
201405161107416,INCIDENTE,ESTOURO DE PNEU,TABATINGA,AM,SBTT,AVIÃO,TURBOÉLICE,1.0,BRASIL,TÁXI AÉREO,TÁXI,TÁXI AÉREO,NaN,0,2014-05-16 15:05:00
200911284977912,ACIDENTE,COLISÃO COM OBSTÁCULOS NO SOLO,TAPAUÁ,AM,NaN,AVIÃO,PISTÃO,2.0,BRASIL,PARTICULAR,CORRIDA APÓS POUSO,VOO PRIVADO,NaN,0,2009-11-28 14:30:00
201501022494454,INCIDENTE,COM TREM DE POUSO,TEFÉ,AM,SBTF,AVIÃO,TURBOÉLICE,2.0,BRASIL,REGULAR,APROXIMAÇÃO FINAL,VOO REGULAR,NaN,0,2015-01-02 16:28:00
201303025961695,ACIDENTE,COM PARA-BRISAS / JANELA / PORTA,TEFÉ,AM,SBTF,AVIÃO,PISTÃO,2.0,BRASIL,TÁXI AÉREO,DECOLAGEM,TÁXI AÉREO,NaN,3,2013-03-02 12:20:00
201403202823009,INCIDENTE,FALHA OU MAU FUNCIONAMENTO DE SISTEMA / COMPONENTE ,TEFÉ,AM,SBTF,AVIÃO,TURBOÉLICE,2.0,BRASIL,REGULAR,SUBIDA,VOO REGULAR,NaN,0,2014-03-20 13:41:00
201208054450541,ACIDENTE,PANE SECA,TEFÉ,AM,NaN,HELICÓPTERO,TURBOEIXO,2.0,BRASIL,PARTICULAR,APROXIMAÇÃO FINAL,VOO PRIVADO,NaN,9,2012-08-05 15:00:00
201210037738181,INCIDENTE GRAVE,FALHA DO MOTOR EM VOO,TEFÉ,AM,SBTF,AVIÃO,TURBOÉLICE,1.0,BRASIL,TÁXI AÉREO,CRUZEIRO,TÁXI AÉREO,NaN,4,2012-10-03 12:35:00
200806078335564,INCIDENTE GRAVE,FALHA DO MOTOR EM VOO,TEFÉ,AM,SBTF,AVIÃO,JATO,2.0,BRASIL,REGULAR,SUBIDA,VOO REGULAR,NaN,0,2008-06-07 14:45:00
201707111644049,INCIDENTE,COM PARA-BRISAS / JANELA / PORTA,TEFÉ,AM,SBTF,AVIÃO,TURBOÉLICE,1.0,BRASIL,TÁXI AÉREO,DECOLAGEM,TÁXI AÉREO,NaN,0,2017-07-09 13:45:00
201406035147217,INCIDENTE,DESCOMPRESSÃO NÃO INTENCIONAL / EXPLOSIVA,TEFÉ,AM,SBTF,AVIÃO,TURBOÉLICE,2.0,BRASIL,REGULAR,DECOLAGEM,VOO REGULAR,NaN,0,2014-06-03 18:10:00
201511063727948,INCIDENTE GRAVE,PERDA DE CONTROLE NO SOLO,TEFÉ,AM,SBTF,AVIÃO,PISTÃO,1.0,BRASIL,TÁXI AÉREO,CORRIDA APÓS POUSO,TÁXI AÉREO,NaN,0,2015-11-06 15:04:00
200810109082716,INCIDENTE,ESTOURO DE PNEU,TEFÉ,AM,SBTF,AVIÃO,PISTÃO,2.0,BRASIL,TÁXI AÉREO,POUSO,TÁXI AÉREO,NaN,0,2008-10-10 15:50:00
201306141338332,ACIDENTE,DESORIENTAÇÃO ESPACIAL,TEFÉ,AM,NaN,HELICÓPTERO,TURBOEIXO,2.0,BRASIL,PARTICULAR,CRUZEIRO,VOO PRIVADO,2.0,14,2013-06-14 11:10:00
201608081440118,INCIDENTE,OUTROS,MARABÁ,PA,SBMA,AVIÃO,PISTÃO,1.0,BRASIL,PARTICULAR,CORRIDA APÓS POUSO,VOO PRIVADO,NaN,0,2016-08-02 20:12:00
201507011024800,INCIDENTE,FALHA OU MAU FUNCIONAMENTO DE SISTEMA / COMPONENTE ,MARABÁ,PA,SBMA,AVIÃO,TURBOÉLICE,2.0,BRASIL,TÁXI AÉREO,CRUZEIRO,TÁXI AÉREO,NaN,0,2015-07-01 13:39:00
201201113342108,INCIDENTE GRAVE,COM TREM DE POUSO,MARABÁ,PA,SBMA,AVIÃO,PISTÃO,2.0,BRASIL,PARTICULAR,SUBIDA,VOO PRIVADO,NaN,4,2012-01-11 11:21:00
201409177386710,INCIDENTE,FALHA DO MOTOR NO SOLO,MARABÁ,PA,SBMA,AVIÃO,PISTÃO,1.0,BRASIL,PARTICULAR,TÁXI,VOO PRIVADO,NaN,0,2014-09-17 19:20:00
201211017245518,INCIDENTE,POUSO SEM TREM,MARABÁ,PA,SBMA,AVIÃO,PISTÃO,1.0,BRASIL,PARTICULAR,POUSO,VOO PRIVADO,NaN,0,2012-11-01 16:20:00
201309232876428,INCIDENTE,OUTROS,MARABÁ,PA,SBMA,AVIÃO,PISTÃO,1.0,BRASIL,PARTICULAR,TÁXI,VOO PRIVADO,NaN,0,2013-09-23 19:35:00
201106225071111,INCIDENTE,TRÁFEGO AÉREO,MARABÁ,PA,SBMA,AVIÃO,PISTÃO,1.0,BRASIL,TÁXI AÉREO,CIRCUITO DE TRÁFEGO,TÁXI AÉREO,NaN,0,2011-06-22 17:24:00
201405038455814,INCIDENTE GRAVE,POUSO ANTES DA PISTA,MARABÁ,PA,SBMA,AVIÃO,TURBOÉLICE,1.0,BRASIL,ADMINISTRAÇÃO DIRETA,POUSO,VOO NÃO REGULAR,NaN,8,2014-05-03 19:02:00
201606091338351,INCIDENTE GRAVE,VAZAMENTO DE OUTROS FLUIDOS,MARABÁ,PA,SBMA,AVIÃO,PISTÃO,1.0,BRASIL,EXPERIMENTAL,CORRIDA APÓS POUSO,VOO EXPERIMENTAL,NaN,0,2016-06-07 12:53:00
201302261705068,INCIDENTE,OUTROS,MARABÁ,PA,SBMA,AVIÃO,PISTÃO,2.0,BRASIL,PARTICULAR,POUSO,VOO PRIVADO,NaN,0,2013-02-26 11:20:00
201307038929817,INCIDENTE,OUTROS,MARABÁ,PA,SBMA,AVIÃO,PISTÃO,2.0,BRASIL,PARTICULAR,TÁXI,VOO PRIVADO,NaN,0,2013-07-03 11:15:00
201502052015357,INCIDENTE,ESTOURO DE PNEU,MARABÁ,PA,SBMA,AVIÃO,TURBOÉLICE,1.0,BRASIL,REGULAR,POUSO,VOO REGULAR,NaN,0,2015-02-05 17:55:00
201307317706540,INCIDENTE,ESTOURO DE PNEU,MARABÁ,PA,SBMA,AVIÃO,TURBOÉLICE,1.0,BRASIL,REGULAR,TÁXI,VOO REGULAR,NaN,0,2013-07-31 11:20:00
201310193120040,INCIDENTE,OUTROS,MARABÁ,PA,SBMA,AVIÃO,PISTÃO,2.0,BRASIL,TÁXI AÉREO,TÁXI,TÁXI AÉREO,NaN,0,2013-10-19 14:55:00
201409154986176,INCIDENTE,ESTOURO DE PNEU,MARABÁ,PA,SBMA,AVIÃO,PISTÃO,2.0,BRASIL,TÁXI AÉREO,TÁXI,TÁXI AÉREO,NaN,0,2014-09-15 15:30:00
201407189427975,INCIDENTE,ESTOURO DE PNEU,MARABÁ,PA,SBMA,AVIÃO,PISTÃO,2.0,BRASIL,TÁXI AÉREO,CORRIDA APÓS POUSO,TÁXI AÉREO,NaN,0,2014-07-18 20:34:00
200903115689519,INCIDENTE,FALHA OU MAU FUNCIONAMENTO DE SISTEMA / COMPONENTE ,MARABÁ,PA,SBMA,AVIÃO,JATO,2.0,BRASIL,REGULAR,POUSO,VOO REGULAR,NaN,0,2009-03-11 19:00:00
201503109156071,INCIDENTE,ESTOURO DE PNEU,MARABÁ,PA,SBMA,AVIÃO,TURBOÉLICE,2.0,BRASIL,REGULAR,ESTACIONAMENTO,VOO REGULAR,NaN,0,2015-03-10 17:33:00
201410245098359,INCIDENTE,ESTOURO DE PNEU,MARABÁ,PA,SBMA,AVIÃO,PISTÃO,2.0,BRASIL,TÁXI AÉREO,OPERAÇÃO DE SOLO,TÁXI AÉREO,NaN,0,2014-10-24 12:13:00
201107195168866,INCIDENTE GRAVE,VAZAMENTO DE OUTROS FLUIDOS,MARITUBA,PA,NaN,AVIÃO,PISTÃO,1.0,BRASIL,PARTICULAR,DESCIDA,VOO PRIVADO,NaN,4,2011-07-19 16:30:00
201202238026115,ACIDENTE,FALHA OU MAU FUNCIONAMENTO DE SISTEMA / COMPONENTE ,MARITUBA,PA,NaN,HELICÓPTERO,TURBOEIXO,1.0,BRASIL,ADMINISTRAÇÃO DIRETA,OUTRA FASE,OPERAÇÃO POLICIAL,NaN,7,2012-02-22 13:40:00
201004126225047,INCIDENTE,COLISÃO COM OBSTÁCULOS NO SOLO,MONTE ALEGRE,PA,NaN,AVIÃO,PISTÃO,2.0,BRASIL,TÁXI AÉREO,CORRIDA APÓS POUSO,TÁXI AÉREO,NaN,0,2010-04-12 18:10:00
201201186460139,INCIDENTE GRAVE,FALHA DO MOTOR EM VOO,MUANÁ,PA,NaN,AVIÃO,PISTÃO,1.0,BRASIL,TÁXI AÉREO,CRUZEIRO,TÁXI AÉREO,NaN,1,2012-01-18 17:35:00
201609201510225,ACIDENTE,COLISÃO COM OBSTÁCULOS NO SOLO,NOVO PROGRESSO,PA,SJNP,AVIÃO,PISTÃO,1.0,BRASIL,PARTICULAR,CORRIDA APÓS POUSO,VOO PRIVADO,NaN,4,2016-09-16 09:55:00
201407255976140,ACIDENTE,COLISÃO COM OBSTÁCULO DURANTE A DECOLAGEM E POUSO,NOVO PROGRESSO,PA,NaN,HELICÓPTERO,TURBOEIXO,1.0,BRASIL,ADMINISTRAÇÃO INDIRETA,INDETERMINADA,VOO PRIVADO,NaN,0,2014-07-25 11:53:00
201701231524575,ACIDENTE,OUTROS,NOVO PROGRESSO,PA,NaN,AVIÃO,PISTÃO,2.0,BRASIL,PARTICULAR,INDETERMINADA,VOO PRIVADO,NaN,0,2017-01-20 16:24:00
201312045215587,ACIDENTE,OUTROS,NOVO PROGRESSO,PA,SJNP,AVIÃO,PISTÃO,2.0,BRASIL,TÁXI AÉREO,DECOLAGEM,TÁXI AÉREO,5.0,10,2013-12-04 14:30:00
200804058350974,ACIDENTE,OUTROS,NOVO PROGRESSO,PA,SJNP,AVIÃO,PISTÃO,1.0,BRASIL,PARTICULAR,DECOLAGEM,VOO PRIVADO,3.0,0,2008-04-05 00:00:00
201708102055268,INCIDENTE,POUSO EM LOCAL NÃO PREVISTO,NOVO PROGRESSO,PA,NaN,AVIÃO,PISTÃO,1.0,BRASIL,PARTICULAR,DESCIDA,VOO PRIVADO,NaN,0,2017-07-30 14:15:00
201311278471232,INCIDENTE,POUSO EM LOCAL NÃO PREVISTO,NOVO PROGRESSO,PA,NaN,ULTRALEVE,PISTÃO,1.0,BRASIL,EXPERIMENTAL,OUTRA FASE,VOO EXPERIMENTAL,NaN,0,2013-11-27 18:46:00
200801062175513,ACIDENTE,FALHA DO MOTOR EM VOO,NOVO PROGRESSO,PA,SJNP,AVIÃO,PISTÃO,1.0,BRASIL,PARTICULAR,DECOLAGEM,VOO PRIVADO,NaN,5,2008-01-06 19:00:00
201505099123166,ACIDENTE,INDETERMINADO,NOVO PROGRESSO,PA,SJNP,AVIÃO,PISTÃO,1.0,BRASIL,PARTICULAR,INDETERMINADA,VOO PRIVADO,1.0,0,2015-05-09 17:30:00
201112219583174,ACIDENTE,POUSO EM LOCAL NÃO PREVISTO,NOVO PROGRESSO,PA,NaN,ULTRALEVE,PISTÃO,1.0,BRASIL,EXPERIMENTAL,POUSO,VOO EXPERIMENTAL,NaN,0,2011-12-21 16:50:00
201609201438217,ACIDENTE,PANE SECA,NOVO PROGRESSO,PA,NaN,AVIÃO,PISTÃO,1.0,BRASIL,PARTICULAR,APROXIMAÇÃO FINAL,VOO PRIVADO,4.0,0,2016-09-15 20:40:00
201009303990577,INCIDENTE GRAVE,FALHA DO MOTOR EM VOO,ÓBIDOS,PA,NaN,AVIÃO,PISTÃO,1.0,BRASIL,TÁXI AÉREO,CRUZEIRO,TÁXI AÉREO,NaN,0,2010-09-30 11:30:00
201107014787762,ACIDENTE,CAUSADO POR FENÔMENO METEOROLÓGICO EM VOO,ÓBIDOS,PA,NaN,AVIÃO,PISTÃO,2.0,BRASIL,TÁXI AÉREO,CRUZEIRO,TÁXI AÉREO,4.0,9,2011-07-01 19:25:00
201010312236599,ACIDENTE,PANE SECA,ORIXIMINÁ,PA,NaN,AVIÃO,PISTÃO,2.0,BRASIL,ESPECIALIZADA,ESPECIALIZADA,OPERAÇÃO ESPECIALIZADA,NaN,2,2010-10-31 16:35:00
201803161919094,ACIDENTE,FALHA DO MOTOR EM VOO,ORIXIMINÁ,PA,NaN,AVIÃO,PISTÃO,1.0,BRASIL,TÁXI AÉREO,CRUZEIRO,TÁXI AÉREO,NaN,0,2018-03-16 12:40:00
201110308621692,ACIDENTE,FALHA DO MOTOR EM VOO,ORIXIMINÁ,PA,NaN,AVIÃO,PISTÃO,1.0,BRASIL,PARTICULAR,SUBIDA,VOO PRIVADO,NaN,0,2011-10-30 19:10:00
201804021947535,INCIDENTE GRAVE,COM TREM DE POUSO,OURILÂNDIA DO NORTE,PA,SDOW,AVIÃO,PISTÃO,1.0,BRASIL,TÁXI AÉREO,POUSO,TÁXI AÉREO,NaN,0,2018-04-02 17:50:00
201708141339501,INCIDENTE GRAVE,COM TREM DE POUSO,OURILÂNDIA DO NORTE,PA,SDOW,AVIÃO,PISTÃO,1.0,BRASIL,TÁXI AÉREO,CORRIDA APÓS POUSO,TÁXI AÉREO,NaN,0,2017-08-08 16:00:00
201504264884073,ACIDENTE,FALHA DO MOTOR EM VOO,OURILÂNDIA DO NORTE,PA,SDOW,AVIÃO,PISTÃO,1.0,BRASIL,PARTICULAR,APROXIMAÇÃO FINAL,VOO PRIVADO,NaN,0,2015-04-26 15:30:00
201101304294818,ACIDENTE,VOO CONTROLADO CONTRA O TERRENO,PACAJÁ,PA,NaN,AVIÃO,PISTÃO,1.0,BRASIL,PARTICULAR,ARREMETIDA NO SOLO,VOO PRIVADO,2.0,5,2011-01-30 15:10:00
201308045992601,ACIDENTE,PERDA DE CONTROLE EM VOO,PARAGOMINAS,PA,NaN,AVIÃO,PISTÃO,1.0,BRASIL,PARTICULAR,CIRCUITO DE TRÁFEGO,VOO PRIVADO,1.0,5,2013-08-04 22:30:00
201604111801113,INCIDENTE,COLISÃO COM OBSTÁCULO DURANTE A DECOLAGEM E POUSO,PARAGOMINAS,PA,NaN,HELICÓPTERO,TURBOEIXO,1.0,BRASIL,ADMINISTRAÇÃO DIRETA,APROXIMAÇÃO FINAL,OPERAÇÃO POLICIAL,NaN,0,2016-04-03 12:00:00
200802107793100,ACIDENTE,COLISÃO COM OBSTÁCULOS NO SOLO,PARAGOMINAS,PA,NaN,AVIÃO,PISTÃO,1.0,BRASIL,AGRÍCOLA,CHEQUE DE MOTOR OU ROTOR,OPERAÇÃO AGRÍCOLA,1.0,1,2008-02-10 12:00:00
201507286994783,ACIDENTE,COLISÃO COM OBSTÁCULO DURANTE A DECOLAGEM E POUSO,COLINAS DO TOCANTINS,TO,NaN,TRIKE,NaN,NaN,BRASIL,EXPERIMENTAL,DECOLAGEM,VOO PRIVADO,1.0,0,2015-07-28 21:05:00
201305081191709,INCIDENTE,TRÁFEGO AÉREO,PARAUAPEBAS,PA,SBCJ,AVIÃO,JATO,2.0,BRASIL,PARTICULAR,ESTACIONAMENTO,VOO PRIVADO,NaN,0,2013-05-08 17:00:00
201005221671945,INCIDENTE,OUTROS,PARAUAPEBAS,PA,SBCJ,AVIÃO,TURBOÉLICE,1.0,BRASIL,ESPECIALIZADA,TÁXI,OPERAÇÃO ESPECIALIZADA,NaN,0,2010-05-22 19:02:00
201209211903866,INCIDENTE GRAVE,FALHA DO MOTOR EM VOO,PARAUAPEBAS,PA,NaN,AVIÃO,PISTÃO,1.0,BRASIL,PARTICULAR,CRUZEIRO,VOO PRIVADO,NaN,1,2012-09-21 11:55:00
201705241608074,ACIDENTE,PANE SECA,PARAUAPEBAS,PA,NaN,AVIÃO,PISTÃO,1.0,BRASIL,PARTICULAR,CRUZEIRO,VOO PRIVADO,NaN,0,2017-05-21 21:00:00
201207269234588,INCIDENTE,FALHA OU MAU FUNCIONAMENTO DE SISTEMA / COMPONENTE ,PARAUAPEBAS,PA,SBCJ,AVIÃO,JATO,2.0,BRASIL,TÁXI AÉREO,CORRIDA APÓS POUSO,TÁXI AÉREO,NaN,0,2012-07-26 17:20:00
201706080415052,ACIDENTE,POUSO LONGO,PARAUAPEBAS,PA,SBCJ,AVIÃO,JATO,2.0,BRASIL,TÁXI AÉREO,CORRIDA APÓS POUSO,TÁXI AÉREO,NaN,0,2017-06-07 22:40:00
201409115697097,INCIDENTE,FALHA OU MAU FUNCIONAMENTO DE SISTEMA / COMPONENTE ,PARAUAPEBAS,PA,SBCJ,AVIÃO,JATO,2.0,BRASIL,REGULAR,SUBIDA,VOO REGULAR,NaN,0,2014-09-11 21:30:00
201105312816189,INCIDENTE GRAVE,FALHA DO MOTOR EM VOO,PONTA DE PEDRAS,PA,NaN,AVIÃO,PISTÃO,2.0,BRASIL,TÁXI AÉREO,CRUZEIRO,TÁXI AÉREO,NaN,0,2011-05-31 20:30:00
201506111740209,INCIDENTE,FALHA DO MOTOR EM VOO,PORTEL,PA,SIPY,AVIÃO,TURBOÉLICE,1.0,BRASIL,ADMINISTRAÇÃO DIRETA,CRUZEIRO,VOO PRIVADO,NaN,0,2015-06-11 10:00:00
201603281320206,INCIDENTE GRAVE,DESCOMPRESSÃO NÃO INTENCIONAL / EXPLOSIVA,PORTO DE MOZ,PA,NaN,AVIÃO,JATO,2.0,BRASIL,REGULAR,CRUZEIRO,VOO REGULAR,NaN,0,2016-03-28 00:26:00
201603192144036,ACIDENTE,PERDA DE CONTROLE NO SOLO,CRISTALÂNDIA,TO,NaN,AVIÃO,PISTÃO,1.0,BRASIL,AGRÍCOLA,DECOLAGEM,OPERAÇÃO AGRÍCOLA,NaN,0,2016-03-13 19:00:00
201402092748484,ACIDENTE,COLISÃO COM OBSTÁCULO DURANTE A DECOLAGEM E POUSO,REDENÇÃO,PA,NaN,AVIÃO,PISTÃO,1.0,BRASIL,PARTICULAR,ESPECIALIZADA,OPERAÇÃO AGRÍCOLA,1.0,0,2014-02-09 12:12:00
201408197273989,INCIDENTE GRAVE,PERDA DE CONTROLE NO SOLO,REDENÇÃO,PA,SNDC,AVIÃO,PISTÃO,2.0,BRASIL,PARTICULAR,CORRIDA APÓS POUSO,VOO PRIVADO,NaN,0,2014-08-19 17:00:00
201004121481843,ACIDENTE,POUSO EM LOCAL NÃO PREVISTO,REDENÇÃO,PA,NaN,AVIÃO,PISTÃO,2.0,BRASIL,ADMINISTRAÇÃO INDIRETA,POUSO,VOO PRIVADO,NaN,8,2010-04-12 19:30:00
201702062034491,INCIDENTE GRAVE,COM TREM DE POUSO,REDENÇÃO,PA,SNDC,AVIÃO,PISTÃO,2.0,BRASIL,PARTICULAR,DECOLAGEM,VOO PRIVADO,NaN,0,2017-02-04 09:30:00
201605021729191,INCIDENTE GRAVE,POUSO BRUSCO,REDENÇÃO,PA,SNDC,AVIÃO,PISTÃO,2.0,BRASIL,PARTICULAR,APROXIMAÇÃO FINAL,VOO PRIVADO,NaN,4,2016-04-22 18:30:00
200804031988286,INCIDENTE GRAVE,OUTROS,REDENÇÃO,PA,SNDC,AVIÃO,PISTÃO,1.0,BRASIL,PARTICULAR,SUBIDA,VOO PRIVADO,NaN,0,2008-04-03 16:00:00
201412267498022,INCIDENTE,ESTOURO DE PNEU,REDENÇÃO,PA,SNDC,AVIÃO,PISTÃO,1.0,BRASIL,TÁXI AÉREO,CORRIDA APÓS POUSO,TÁXI AÉREO,NaN,0,2014-12-26 11:23:00
200807011291397,ACIDENTE,VAZAMENTO DE OUTROS FLUIDOS,RURÓPOLIS,PA,NaN,AVIÃO,TURBOÉLICE,1.0,BRASIL,TÁXI AÉREO,CRUZEIRO,TÁXI AÉREO,NaN,5,2008-07-01 10:10:00
201210089399871,ACIDENTE,PERDA DE CONTROLE EM VOO,SANTA CRUZ DO ARARI,PA,NaN,AVIÃO,PISTÃO,1.0,BRASIL,TÁXI AÉREO,SUBIDA,TÁXI AÉREO,NaN,0,2012-10-08 13:30:00
201804031711103,ACIDENTE,PERDA DE CONTROLE EM VOO,SANTANA DO ARAGUAIA,PA,NaN,AVIÃO,PISTÃO,1.0,BRASIL,MÚLTIPLA,CIRCUITO DE TRÁFEGO,OPERAÇÃO AGRÍCOLA,NaN,0,2018-04-03 11:15:00
201708032126011,ACIDENTE,COM TREM DE POUSO,SANTANA DO ARAGUAIA,PA,NaN,AVIÃO,PISTÃO,2.0,BRASIL,PARTICULAR,DECOLAGEM,VOO PRIVADO,NaN,0,2017-08-01 21:00:00
201210289576749,INCIDENTE,COLISÃO COM OBSTÁCULO DURANTE A DECOLAGEM E POUSO,SANTANA DO ARAGUAIA,PA,SNKE,AVIÃO,PISTÃO,2.0,BRASIL,PARTICULAR,APROXIMAÇÃO FINAL,VOO PRIVADO,NaN,0,2012-10-28 11:30:00
201701161542418,ACIDENTE,OPERAÇÃO A BAIXA ALTITUDE,SANTANA DO ARAGUAIA,PA,NaN,AVIÃO,PISTÃO,1.0,BRASIL,PARTICULAR,MANOBRA,OPERAÇÃO AGRÍCOLA,1.0,0,2017-01-14 13:00:00
200908074009747,INCIDENTE,POUSO SEM TREM,SANTANA DO ARAGUAIA,PA,SNKE,AVIÃO,PISTÃO,2.0,BRASIL,ESPECIALIZADA,POUSO,OPERAÇÃO ESPECIALIZADA,NaN,0,2009-08-07 20:30:00
201711192316516,ACIDENTE,PERDA DE CONTROLE NO SOLO,SANTARÉM,PA,SNCJ,AVIÃO,PISTÃO,1.0,BRASIL,PARTICULAR,DECOLAGEM,VOO PRIVADO,NaN,0,2017-11-17 17:15:00
201009115374165,INCIDENTE,COLISÃO COM AERONAVE NO SOLO,SANTARÉM,PA,SBSN,AVIÃO,PISTÃO,2.0,BRASIL,TÁXI AÉREO,ESTACIONAMENTO,TÁXI AÉREO,NaN,0,2010-09-11 16:30:00
201208318856193,INCIDENTE,OUTROS,SANTARÉM,PA,SBSN,AVIÃO,PISTÃO,1.0,BRASIL,TÁXI AÉREO,TÁXI,TÁXI AÉREO,NaN,0,2012-08-31 12:10:00
200809111658940,ACIDENTE,OUTROS,SANTARÉM,PA,NaN,AVIÃO,PISTÃO,1.0,BRASIL,TÁXI AÉREO,DESCIDA,TÁXI AÉREO,1.0,7,2008-09-11 19:27:00
201401088386414,INCIDENTE GRAVE,POUSO BRUSCO,SANTARÉM,PA,SBSN,AVIÃO,PISTÃO,1.0,BRASIL,INSTRUÇÃO,POUSO,VOO DE INSTRUÇÃO,NaN,2,2014-01-08 15:15:00
201103113320548,ACIDENTE,PANE SECA,SANTARÉM,PA,NaN,AVIÃO,PISTÃO,1.0,BRASIL,PARTICULAR,CIRCUITO DE TRÁFEGO,VOO PRIVADO,NaN,3,2011-03-11 17:26:00
201312186091519,INCIDENTE,SUPERAQUECIMENTO,SANTARÉM,PA,SBSN,AVIÃO,TURBOÉLICE,2.0,BRASIL,REGULAR,SUBIDA,VOO REGULAR,NaN,0,2013-12-18 01:45:00
201410175962946,INCIDENTE,PERDA DE COMPONENTE EM VOO,SANTARÉM,PA,SBSN,AVIÃO,TURBOÉLICE,2.0,BRASIL,REGULAR,DECOLAGEM,VOO REGULAR,NaN,0,2014-10-17 10:27:00
201110208057433,INCIDENTE,TRÁFEGO AÉREO,SANTARÉM,PA,SBSN,AVIÃO,PISTÃO,1.0,BRASIL,TÁXI AÉREO,DECOLAGEM,TÁXI AÉREO,NaN,0,2011-10-20 15:11:00
201409304470097,INCIDENTE,ESTOURO DE PNEU,SANTARÉM,PA,SBSN,AVIÃO,PISTÃO,1.0,BRASIL,TÁXI AÉREO,TÁXI,TÁXI AÉREO,NaN,0,2014-09-30 11:47:00
201405139147550,INCIDENTE,ESTOURO DE PNEU,SANTARÉM,PA,SBSN,AVIÃO,PISTÃO,2.0,BRASIL,TÁXI AÉREO,TÁXI,TÁXI AÉREO,NaN,0,2014-05-13 11:43:00
200803201682215,INCIDENTE GRAVE,VAZAMENTO DE OUTROS FLUIDOS,SANTARÉM,PA,NaN,AVIÃO,TURBOÉLICE,2.0,BRASIL,REGULAR,POUSO,VOO REGULAR,NaN,0,2008-03-20 01:00:00
200804031050631,INCIDENTE,FALHA OU MAU FUNCIONAMENTO DE SISTEMA / COMPONENTE ,SANTARÉM,PA,NaN,AVIÃO,PISTÃO,1.0,BRASIL,TÁXI AÉREO,DESCIDA,TÁXI AÉREO,NaN,0,2008-04-03 17:11:00
200907037531573,INCIDENTE,ESTOURO DE PNEU,SANTARÉM,PA,SBSN,AVIÃO,PISTÃO,2.0,BRASIL,TÁXI AÉREO,TÁXI,TÁXI AÉREO,NaN,0,2009-07-03 19:38:00
201508061245849,INCIDENTE,OUTROS,SANTARÉM,PA,SBSN,AVIÃO,PISTÃO,1.0,BRASIL,TÁXI AÉREO,POUSO,TÁXI AÉREO,NaN,0,2015-08-06 14:19:00
201702131356307,ACIDENTE,PERDA DE CONTROLE EM VOO,SANTARÉM,PA,NaN,NaN,NaN,NaN,BRASIL,EXPERIMENTAL,DECOLAGEM,VOO EXPERIMENTAL,1.0,0,2017-02-09 19:40:00
201410093493029,INCIDENTE,COM TREM DE POUSO,SANTARÉM,PA,SBSN,AVIÃO,PISTÃO,1.0,BRASIL,TÁXI AÉREO,TÁXI,TÁXI AÉREO,NaN,0,2014-10-09 14:38:00
201405164041069,INCIDENTE,ESTOURO DE PNEU,SANTARÉM,PA,SBSN,AVIÃO,PISTÃO,2.0,BRASIL,TÁXI AÉREO,TÁXI,TÁXI AÉREO,NaN,0,2014-05-16 12:10:00
200904085268490,INCIDENTE GRAVE,COM TREM DE POUSO,SANTARÉM,PA,SBSN,AVIÃO,PISTÃO,2.0,BRASIL,TÁXI AÉREO,CORRIDA APÓS POUSO,TÁXI AÉREO,NaN,0,2009-04-08 13:47:00
201709092348525,ACIDENTE,FALHA DO MOTOR EM VOO,SANTARÉM,PA,NaN,AVIÃO,PISTÃO,1.0,BRASIL,PARTICULAR,CRUZEIRO,VOO PRIVADO,NaN,0,2017-09-07 19:40:00
201109297463367,ACIDENTE,PERDA DE COMPONENTE EM VOO,SANTARÉM,PA,NaN,AVIÃO,PISTÃO,1.0,BRASIL,PARTICULAR,OUTRA FASE,VOO PRIVADO,2.0,2,2011-09-29 18:24:00
201509269369963,INCIDENTE,VAZAMENTO DE OUTROS FLUIDOS,SANTARÉM,PA,SBSN,AVIÃO,PISTÃO,2.0,BRASIL,TÁXI AÉREO,DECOLAGEM,TÁXI AÉREO,NaN,0,2015-09-26 11:45:00
201302251082552,INCIDENTE,COM TREM DE POUSO,SANTARÉM,PA,SNCJ,AVIÃO,PISTÃO,1.0,BRASIL,TÁXI AÉREO,CORRIDA APÓS POUSO,TÁXI AÉREO,NaN,0,2013-02-25 18:37:00
200907062708987,INCIDENTE,SUPERAQUECIMENTO,SANTARÉM,PA,NaN,AVIÃO,TURBOÉLICE,2.0,BRASIL,TÁXI AÉREO,CHEQUE DE MOTOR OU ROTOR,TÁXI AÉREO,NaN,0,2009-07-06 09:45:00
201607251952107,ACIDENTE,COLISÃO DE AERONAVES EM VOO,SANTARÉM,PA,SNSH,AVIÃO,PISTÃO,1.0,BRASIL,PARTICULAR,APROXIMAÇÃO FINAL,VOO PRIVADO,NaN,0,2016-07-19 15:30:00
201607251952107,ACIDENTE,COLISÃO DE AERONAVES EM VOO,SANTARÉM,PA,SNSH,AVIÃO,PISTÃO,1.0,BRASIL,TÁXI AÉREO,DECOLAGEM,VOO PRIVADO,NaN,0,2016-07-19 15:30:00
201411128888658,INCIDENTE,FALHA DO MOTOR EM VOO,SANTARÉM,PA,SBSN,AVIÃO,TURBOÉLICE,2.0,BRASIL,REGULAR,CRUZEIRO,VOO REGULAR,NaN,0,2014-11-12 16:30:00
201008067561057,ACIDENTE,FALHA DO MOTOR EM VOO,SANTARÉM,PA,NaN,AVIÃO,PISTÃO,2.0,BRASIL,TÁXI AÉREO,DECOLAGEM,TÁXI AÉREO,NaN,2,2010-08-06 20:20:00
200909095984934,INCIDENTE,OUTROS,SANTARÉM,PA,NaN,AVIÃO,PISTÃO,2.0,BRASIL,TÁXI AÉREO,TÁXI,TÁXI AÉREO,NaN,0,2009-09-09 19:01:00
201107156950223,ACIDENTE,POUSO BRUSCO,DIANÓPOLIS,TO,NaN,AVIÃO,PISTÃO,1.0,BRASIL,PARTICULAR,POUSO,VOO PRIVADO,NaN,0,2011-07-15 13:45:00
201702211700013,ACIDENTE,FOGO NO SOLO,SÃO FÉLIX DO XINGU,PA,NaN,HELICÓPTERO,TURBOEIXO,2.0,BRASIL,TÁXI AÉREO,POUSO,TÁXI AÉREO,NaN,0,2017-02-16 15:00:00
201204038532503,INCIDENTE GRAVE,OUTROS,SÃO FÉLIX DO XINGU,PA,NaN,AVIÃO,PISTÃO,2.0,BRASIL,TÁXI AÉREO,CORRIDA APÓS POUSO,TÁXI AÉREO,NaN,0,2012-04-03 14:25:00
201505211080676,ACIDENTE,INDETERMINADO,SÃO FÉLIX DO XINGU,PA,SNFX,AVIÃO,PISTÃO,1.0,BRASIL,PARTICULAR,INDETERMINADA,VOO PRIVADO,NaN,0,2015-05-21 13:00:00
201006122586374,ACIDENTE,PERDA DE CONTROLE NO SOLO,SÃO FÉLIX DO XINGU,PA,SNFX,AVIÃO,PISTÃO,1.0,BRASIL,AGRÍCOLA,DECOLAGEM,OPERAÇÃO AGRÍCOLA,NaN,0,2010-06-12 23:30:00
201009151390750,ACIDENTE,VOO CONTROLADO CONTRA O TERRENO,SÃO FÉLIX DO XINGU,PA,NaN,HELICÓPTERO,PISTÃO,1.0,BRASIL,PARTICULAR,CRUZEIRO,VOO PRIVADO,4.0,19,2010-09-15 21:50:00
201508304342701,ACIDENTE,FALHA DO MOTOR EM VOO,SÃO FÉLIX DO XINGU,PA,NaN,AVIÃO,PISTÃO,1.0,BRASIL,TÁXI AÉREO,CRUZEIRO,TÁXI AÉREO,2.0,0,2015-08-30 18:30:00
201712132320103,ACIDENTE,COLISÃO COM OBSTÁCULO DURANTE A DECOLAGEM E POUSO,SÃO FÉLIX DO XINGU,PA,NaN,AVIÃO,PISTÃO,1.0,BRASIL,PARTICULAR,POUSO,VOO PRIVADO,NaN,0,2017-12-08 13:30:00
201011052255725,ACIDENTE,OUTROS,SÃO FÉLIX DO XINGU,PA,NaN,AVIÃO,PISTÃO,1.0,BRASIL,PARTICULAR,SUBIDA,VOO PRIVADO,NaN,0,2010-11-05 13:00:00
201709082122416,ACIDENTE,FALHA DO MOTOR EM VOO,SÃO SEBASTIÃO DA BOA VISTA,PA,SNVS,AVIÃO,PISTÃO,1.0,BRASIL,TÁXI AÉREO,CRUZEIRO,TÁXI AÉREO,NaN,0,2017-09-08 13:05:00
201210237428658,ACIDENTE,POUSO SEM TREM,SÃO SEBASTIÃO DA BOA VISTA,PA,NaN,AVIÃO,PISTÃO,1.0,BRASIL,TÁXI AÉREO,POUSO,TÁXI AÉREO,NaN,0,2012-10-23 12:40:00
201409232710332,INCIDENTE GRAVE,PERDA DE CONTROLE NO SOLO,SENADOR JOSÉ PORFÍRIO,PA,SDWV,AVIÃO,PISTÃO,2.0,BRASIL,PARTICULAR,CORRIDA APÓS POUSO,VOO PRIVADO,NaN,1,2014-09-23 20:30:00
201001258965633,ACIDENTE,FALHA DO MOTOR EM VOO,SENADOR JOSÉ PORFÍRIO,PA,NaN,AVIÃO,TURBOÉLICE,2.0,BRASIL,TÁXI AÉREO,DESCIDA,TÁXI AÉREO,2.0,9,2010-01-25 16:20:00
201212122795317,INCIDENTE GRAVE,POUSO SEM TREM,SOURE,PA,SNSW,AVIÃO,PISTÃO,2.0,BRASIL,TÁXI AÉREO,POUSO,TÁXI AÉREO,NaN,0,2012-12-12 20:10:00
201803282201244,ACIDENTE,OPERAÇÃO A BAIXA ALTITUDE,TAILÂNDIA,PA,NaN,AVIÃO,PISTÃO,1.0,BRASIL,AGRÍCOLA,MANOBRA,OPERAÇÃO AGRÍCOLA,NaN,0,2018-03-28 12:00:00
200812017100337,INCIDENTE GRAVE,POUSO EM LOCAL NÃO PREVISTO,TERRA SANTA,PA,NaN,AVIÃO,PISTÃO,2.0,BRASIL,TÁXI AÉREO,CORRIDA APÓS POUSO,TÁXI AÉREO,NaN,3,2008-12-01 20:40:00
201411308318483,ACIDENTE,PANE SECA,TUCUMÃ,PA,NaN,AVIÃO,PISTÃO,1.0,BRASIL,PARTICULAR,CRUZEIRO,VOO PRIVADO,NaN,2,2014-11-30 16:14:00
201603211136241,ACIDENTE,POUSO EM LOCAL NÃO PREVISTO,ULIANÓPOLIS,PA,NaN,AVIÃO,PISTÃO,1.0,BRASIL,PARTICULAR,POUSO,OPERAÇÃO AGRÍCOLA,NaN,5,2016-03-15 20:00:00
201008226803541,ACIDENTE,INDETERMINADO,XINGUARA,PA,NaN,AVIÃO,PISTÃO,1.0,BRASIL,NaN,INDETERMINADA,NaN,NaN,0,2010-08-22 15:30:00
200901085090171,INCIDENTE GRAVE,POUSO BRUSCO,GURUPI,TO,NaN,AVIÃO,TURBOÉLICE,2.0,BRASIL,TÁXI AÉREO,POUSO,TÁXI AÉREO,NaN,1,2009-01-08 00:50:00
200903088701621,ACIDENTE,PERDA DE CONTROLE EM VOO,GURUPI,TO,NaN,AVIÃO,PISTÃO,1.0,BRASIL,AGRÍCOLA,ESPECIALIZADA,OPERAÇÃO AGRÍCOLA,1.0,8,2009-03-08 21:15:00
201312083670805,INCIDENTE,COM ROTOR,GURUPI,TO,NaN,HELICÓPTERO,TURBOEIXO,2.0,BRASIL,TÁXI AÉREO,CRUZEIRO,TÁXI AÉREO,NaN,0,2013-12-08 20:00:00
201109257166003,ACIDENTE,FALHA DO MOTOR EM VOO,ITAPIRATINS,TO,NaN,HELICÓPTERO,PISTÃO,1.0,BRASIL,PARTICULAR,CRUZEIRO,VOO PRIVADO,NaN,4,2011-09-25 13:30:00
200801113602556,ACIDENTE,PERDA DE CONTROLE EM VOO,LAGOA DA CONFUSÃO,TO,NaN,AVIÃO,PISTÃO,1.0,BRASIL,PARTICULAR,CRUZEIRO,VOO PRIVADO,2.0,4,2008-01-11 21:30:00
201602261047465,ACIDENTE,FALHA DO MOTOR EM VOO,LAGOA DA CONFUSÃO,TO,NaN,AVIÃO,PISTÃO,1.0,BRASIL,PARTICULAR,ESPECIALIZADA,OPERAÇÃO AGRÍCOLA,NaN,0,2016-02-05 10:30:00
201602261214289,INCIDENTE GRAVE,FALHA DO MOTOR EM VOO,LAGOA DA CONFUSÃO,TO,NaN,AVIÃO,PISTÃO,1.0,BRASIL,AGRÍCOLA,ESPECIALIZADA,OPERAÇÃO AGRÍCOLA,NaN,0,2016-02-19 10:30:00
201404092705815,INCIDENTE GRAVE,PANE SECA,MIRANORTE,TO,NaN,AVIÃO,TURBOÉLICE,2.0,BRASIL,PARTICULAR,DESCIDA,VOO PRIVADO,NaN,3,2014-04-09 17:30:00
201701191835466,ACIDENTE,DESORIENTAÇÃO ESPACIAL,MONTE DO CARMO,TO,NaN,AVIÃO,PISTÃO,1.0,BRASIL,PARTICULAR,ESPECIALIZADA,OPERAÇÃO AGRÍCOLA,NaN,0,2017-01-17 10:00:00
201104174356530,INCIDENTE GRAVE,PERDA DE CONTROLE NO SOLO,NOVA ROSALÂNDIA,TO,NaN,AVIÃO,PISTÃO,1.0,BRASIL,PARTICULAR,POUSO,VOO PRIVADO,NaN,0,2011-04-17 17:15:00
200811082744488,ACIDENTE,FALHA DO MOTOR EM VOO,PARAÍSO DO TOCANTINS,TO,SWTO,HELICÓPTERO,PISTÃO,1.0,BRASIL,PARTICULAR,CRUZEIRO,VOO PRIVADO,NaN,1,2008-11-08 20:00:00
201307252065626,ACIDENTE,COLISÃO COM OBSTÁCULO DURANTE A DECOLAGEM E POUSO,PIUM,TO,NaN,AVIÃO,PISTÃO,1.0,BRASIL,AGRÍCOLA,DECOLAGEM,OPERAÇÃO AGRÍCOLA,NaN,3,2013-07-25 19:30:00
200811074072254,ACIDENTE,FALHA DO MOTOR EM VOO,PONTE ALTA DO TOCANTINS,TO,NaN,AVIÃO,PISTÃO,1.0,BRASIL,PARTICULAR,CRUZEIRO,VOO PRIVADO,NaN,0,2008-11-07 13:30:00
201004073912720,ACIDENTE,FALHA DO MOTOR EM VOO,PORTO NACIONAL,TO,NaN,AVIÃO,PISTÃO,1.0,BRASIL,INSTRUÇÃO,DECOLAGEM,VOO DE INSTRUÇÃO,NaN,2,2010-04-07 18:45:00
201805021235007,INCIDENTE GRAVE,POUSO SEM TREM,PORTO NACIONAL,TO,SWEJ,AVIÃO,PISTÃO,2.0,BRASIL,PARTICULAR,POUSO,VOO PRIVADO,NaN,0,2018-04-28 11:00:00
201005078553192,ACIDENTE,FALHA OU MAU FUNCIONAMENTO DE SISTEMA / COMPONENTE ,PORTO NACIONAL,TO,SBPN,AVIÃO,PISTÃO,1.0,BRASIL,INSTRUÇÃO,CORRIDA APÓS POUSO,VOO DE INSTRUÇÃO,NaN,7,2010-05-07 16:41:00
201804181421011,ACIDENTE,POUSO EM LOCAL NÃO PREVISTO,RECURSOLÂNDIA,TO,NaN,AVIÃO,PISTÃO,2.0,BRASIL,PARTICULAR,CORRIDA APÓS POUSO,VOO PRIVADO,NaN,0,2018-04-12 14:00:00
201001264643698,INCIDENTE GRAVE,POUSO SEM TREM,PALMAS,TO,SBPJ,AVIÃO,PISTÃO,1.0,BRASIL,PARTICULAR,POUSO,VOO PRIVADO,NaN,1,2010-01-26 16:50:00
201009248072438,INCIDENTE,ESTOURO DE PNEU,PALMAS,TO,SBPJ,AVIÃO,PISTÃO,1.0,BRASIL,PARTICULAR,TÁXI,VOO PRIVADO,NaN,0,2010-09-24 20:11:00
201402091685143,ACIDENTE,PERDA DE CONTROLE EM VOO,PALMAS,TO,NaN,AVIÃO,PISTÃO,1.0,BRASIL,PARTICULAR,CRUZEIRO,VOO PRIVADO,3.0,8,2014-02-09 13:30:00
201512021178084,INCIDENTE,FALHA DO MOTOR EM VOO,PALMAS,TO,SBPJ,AVIÃO,JATO,2.0,BRASIL,REGULAR,CRUZEIRO,VOO REGULAR,NaN,0,2015-12-02 17:45:00
201504153219340,INCIDENTE GRAVE,PERDA DE CONTROLE NO SOLO,PALMAS,TO,SBPJ,AVIÃO,PISTÃO,2.0,BRASIL,PARTICULAR,CORRIDA APÓS POUSO,VOO PRIVADO,NaN,2,2015-04-15 19:31:00
201708240048072,ACIDENTE,PERDA DE CONTROLE EM VOO,PALMAS,TO,SDNB,ULTRALEVE,PISTÃO,1.0,BRASIL,EXPERIMENTAL,OUTRA FASE,VOO EXPERIMENTAL,1.0,0,2017-08-20 20:30:00
201007151917635,INCIDENTE GRAVE,COLISÃO COM AERONAVE NO SOLO,PALMAS,TO,SBPJ,AVIÃO,PISTÃO,1.0,BRASIL,PARTICULAR,PARTIDA DO MOTOR,VOO PRIVADO,NaN,1,2010-07-15 17:00:00
201203319975017,ACIDENTE,FALHA DO MOTOR EM VOO,PALMAS,TO,NaN,AVIÃO,PISTÃO,1.0,BRASIL,PARTICULAR,SUBIDA,VOO PRIVADO,NaN,1,2012-03-31 19:21:00
201212015798147,INCIDENTE,FALHA OU MAU FUNCIONAMENTO DE SISTEMA / COMPONENTE ,PALMAS,TO,SBPJ,AVIÃO,JATO,2.0,BRASIL,REGULAR,CRUZEIRO,VOO REGULAR,NaN,0,2012-12-01 04:00:00
201008299691691,INCIDENTE,ESTOURO DE PNEU,PALMAS,TO,SBPJ,AVIÃO,TURBOÉLICE,2.0,BRASIL,TÁXI AÉREO,DECOLAGEM,TÁXI AÉREO,NaN,0,2010-08-29 06:20:00
201007206210969,ACIDENTE,PERDA DE CONTROLE EM VOO,PALMAS,TO,NaN,AVIÃO,PISTÃO,1.0,BRASIL,PARTICULAR,SUBIDA,VOO PRIVADO,NaN,6,2010-07-20 15:00:00
201009238235225,INCIDENTE,FALHA DO MOTOR EM VOO,PALMAS,TO,SBPJ,AVIÃO,TURBOÉLICE,2.0,BRASIL,PARTICULAR,CRUZEIRO,VOO PRIVADO,NaN,0,2010-09-23 04:36:00
201203075063360,INCIDENTE,FALHA DO MOTOR EM VOO,PALMAS,TO,SBPJ,AVIÃO,TURBOÉLICE,2.0,BRASIL,TÁXI AÉREO,CRUZEIRO,TÁXI AÉREO,NaN,0,2012-03-07 10:50:00
201405224890549,INCIDENTE,DESCOMPRESSÃO NÃO INTENCIONAL / EXPLOSIVA,PALMAS,TO,NaN,AVIÃO,JATO,2.0,BRASIL,REGULAR,CRUZEIRO,VOO REGULAR,NaN,0,2014-05-22 04:13:00
201304245164233,INCIDENTE GRAVE,COM TREM DE POUSO,PALMAS,TO,SBPJ,AVIÃO,TURBOÉLICE,2.0,BRASIL,TÁXI AÉREO,POUSO,TÁXI AÉREO,NaN,0,2013-04-24 13:52:00
201512018297372,INCIDENTE,VAZAMENTO DE OUTROS FLUIDOS,PALMAS,TO,SBPJ,AVIÃO,TURBOÉLICE,2.0,BRASIL,REGULAR,APROXIMAÇÃO FINAL,VOO REGULAR,NaN,0,2015-12-01 16:05:00
201210213742242,INCIDENTE,FALHA OU MAU FUNCIONAMENTO DE SISTEMA / COMPONENTE ,PALMAS,TO,SBPJ,HELICÓPTERO,TURBOEIXO,1.0,BRASIL,ADMINISTRAÇÃO DIRETA,MANOBRA,OPERAÇÃO POLICIAL,NaN,0,2012-10-21 16:40:00
201706222140171,INCIDENTE,ESTOURO DE PNEU,PALMAS,TO,NaN,AVIÃO,JATO,2.0,BRASIL,PARTICULAR,CORRIDA APÓS POUSO,VOO PRIVADO,NaN,0,2017-06-13 09:29:00
201111104891444,INCIDENTE,COM TREM DE POUSO,PALMAS,TO,SBPJ,AVIÃO,PISTÃO,2.0,BRASIL,PARTICULAR,POUSO,VOO PRIVADO,NaN,0,2011-11-10 12:26:00
201706132007397,INCIDENTE,ESTOURO DE PNEU,PALMAS,TO,SBPJ,AVIÃO,PISTÃO,2.0,BRASIL,PARTICULAR,DECOLAGEM,VOO PRIVADO,NaN,0,2017-06-10 13:34:00
201107163514591,INCIDENTE,TRÁFEGO AÉREO,NÃO IDENTIFICADA,AM,NaN,AVIÃO,JATO,2.0,BRASIL,REGULAR,CRUZEIRO,VOO REGULAR,NaN,0,2011-07-16 08:57:00
200811279681287,INCIDENTE,COM COMANDOS DE VOO,NÃO IDENTIFICADA,PA,NaN,AVIÃO,TURBOÉLICE,2.0,BRASIL,REGULAR,CRUZEIRO,VOO REGULAR,NaN,0,2008-11-27 20:23:00
